日期,VIX_收盤價
2006-12-18,17.12
2006-12-19,16.62
2006-12-20,16.57
2006-12-21,18.18
2006-12-22,17.58
2006-12-25,17.26
2006-12-26,17.09
2006-12-27,16.71
2006-12-28,16.91
2006-12-29,16.04
2007-01-02,15.97
2007-01-03,16.56
2007-01-04,17.14
2007-01-05,16.35
2007-01-08,16.04
2007-01-09,15.22
2007-01-10,15.41
2007-01-11,16.39
2007-01-12,15.49
2007-01-15,17.05
2007-01-16,16.91
2007-01-17,16.79
2007-01-18,11.74
2007-01-19,13.09
2007-01-22,14.19
2007-01-23,14.33
2007-01-24,13.21
2007-01-25,14.18
2007-01-26,14.87
2007-01-29,15.09
2007-01-30,15.08
2007-01-31,15.39
2007-02-01,15.65
2007-02-02,15.53
2007-02-05,15.82
2007-02-06,15.55
2007-02-07,15.89
2007-02-08,16.81
2007-02-09,16.01
2007-02-12,17.07
2007-02-13,17.1
2007-02-14,16.67
2007-02-26,16.23
2007-02-27,15.86
2007-03-01,18.73
2007-03-02,17.5
2007-03-03,17.87
2007-03-05,20.29
2007-03-06,19.16
2007-03-07,18.2
2007-03-08,16.91
2007-03-09,16.96
2007-03-12,16.91
2007-03-13,16.78
2007-03-14,19.46
2007-03-15,17.77
2007-03-16,19.28
2007-03-19,20.14
2007-03-20,20.53
2007-03-21,19.79
2007-03-22,18.45
2007-03-23,18.19
2007-03-26,17.94
2007-03-27,18.59
2007-03-28,19.6
2007-03-29,18.9
2007-03-30,18.49
2007-04-02,18.42
2007-04-03,17.94
2007-04-04,17.23
2007-04-09,17.03
2007-04-10,16.67
2007-04-11,16.34
2007-04-12,16.01
2007-04-13,16.16
2007-04-14,15.86
2007-04-16,17
2007-04-17,18.32
2007-04-18,17.43
2007-04-19,18.12
2007-04-20,17.08
2007-04-23,16.76
2007-04-24,16.34
2007-04-25,16.41
2007-04-26,16.17
2007-04-27,16.32
2007-04-30,16.61
2007-05-02,16.02
2007-05-03,15.91
2007-05-04,15.91
2007-05-07,16.43
2007-05-08,16.65
2007-05-09,16.31
2007-05-10,15.5
2007-05-11,16.55
2007-05-14,16.86
2007-05-15,16.55
2007-05-16,16.38
2007-05-17,16.22
2007-05-18,16.25
2007-05-21,15.22
2007-05-22,14.54
2007-05-23,14.06
2007-05-24,14.62
2007-05-25,14.6
2007-05-28,14.38
2007-05-29,14.39
2007-05-30,14.98
2007-05-31,14.3
2007-06-01,14.18
2007-06-04,15.22
2007-06-05,15.45
2007-06-06,16.08
2007-06-07,15.78
2007-06-08,16.3
2007-06-11,15.81
2007-06-12,15.15
2007-06-13,15.61
2007-06-14,14.77
2007-06-15,16.53
2007-06-20,19.82
2007-06-21,21.06
2007-06-22,21.82
2007-06-23,21.07
2007-06-25,21.5
2007-06-26,20.83
2007-06-27,20.03
2007-06-28,19.67
2007-06-29,18.91
2007-07-02,19.36
2007-07-03,19.53
2007-07-04,19.96
2007-07-05,20.85
2007-07-06,21.02
2007-07-09,23.15
2007-07-10,23.45
2007-07-11,21.34
2007-07-12,21.72
2007-07-13,22.18
2007-07-16,22.36
2007-07-17,21.4
2007-07-18,21.05
2007-07-19,19.57
2007-07-20,19.42
2007-07-23,20.45
2007-07-24,20.54
2007-07-25,21.55
2007-07-26,23.24
2007-07-27,34.39
2007-07-30,34.23
2007-07-31,27.69
2007-08-01,36.26
2007-08-02,32.83
2007-08-03,30.2
2007-08-06,31.16
2007-08-07,30.22
2007-08-08,27.64
2007-08-09,27.16
2007-08-10,34.51
2007-08-13,31.29
2007-08-14,30.74
2007-08-15,30.72
2007-08-16,44.5
2007-08-17,43.05
2007-08-20,39.34
2007-08-21,38.07
2007-08-22,35.12
2007-08-23,33.45
2007-08-24,32.9
2007-08-27,33.12
2007-08-28,32.98
2007-08-29,33.69
2007-08-30,32.51
2007-08-31,33.61
2007-09-03,34.11
2007-09-04,34.06
2007-09-05,34.07
2007-09-06,32.83
2007-09-07,32.63
2007-09-10,34.09
2007-09-11,33.42
2007-09-12,32.84
2007-09-13,32.79
2007-09-14,31.82
2007-09-17,32.62
2007-09-19,31.12
2007-09-20,28.2
2007-09-21,27.29
2007-09-26,25.5
2007-09-27,25.96
2007-09-28,26.8
2007-09-29,25.56
2007-10-01,26.01
2007-10-02,26.91
2007-10-03,28.29
2007-10-04,29.13
2007-10-05,27.61
2007-10-08,27.07
2007-10-09,27.54
2007-10-11,26.06
2007-10-12,28.05
2007-10-15,27.68
2007-10-16,28.56
2007-10-17,28.67
2007-10-18,26.78
2007-10-19,26.9
2007-10-22,30.24
2007-10-23,27.77
2007-10-24,28.74
2007-10-25,28.03
2007-10-26,27.69
2007-10-29,28.56
2007-10-30,29.43
2007-10-31,29.86
2007-11-01,28.7
2007-11-02,32.26
2007-11-05,31.47
2007-11-06,31.1
2007-11-07,30.64
2007-11-08,34.06
2007-11-09,31.83
2007-11-12,35.71
2007-11-13,33.02
2007-11-14,31.61
2007-11-15,32.07
2007-11-16,31.86
2007-11-19,28.71
2007-11-20,29.3
2007-11-21,29.5
2007-11-22,33.86
2007-11-23,34.04
2007-11-26,33.58
2007-11-27,34.98
2007-11-28,34.71
2007-11-29,33.38
2007-11-30,32.13
2007-12-03,31.84
2007-12-04,30.16
2007-12-05,29.99
2007-12-06,29.53
2007-12-07,29.46
2007-12-10,30.91
2007-12-11,29.89
2007-12-12,29.07
2007-12-13,30.79
2007-12-14,31.45
2007-12-17,33.49
2007-12-18,34.82
2007-12-19,28.98
2007-12-20,31.17
2007-12-21,31.88
2007-12-24,32.84
2007-12-25,32.55
2007-12-26,33.65
2007-12-27,33.36
2007-12-28,29.9
2007-12-31,28.5
2008-01-02,28.48
2008-01-03,29.2
2008-01-04,29
2008-01-07,30.13
2008-01-08,28.8
2008-01-09,30.74
2008-01-10,30.53
2008-01-11,30.98
2008-01-14,30.79
2008-01-15,34.13
2008-01-16,34.54
2008-01-17,34.21
2008-01-18,33.64
2008-01-21,33.45
2008-01-22,34.87
2008-01-23,34.98
2008-01-24,36.55
2008-01-25,34.42
2008-01-28,35.38
2008-01-29,35.98
2008-01-30,35.81
2008-01-31,34.48
2008-02-01,34.57
2008-02-12,35.8
2008-02-13,33.7
2008-02-14,36.31
2008-02-15,36.42
2008-02-18,35.75
2008-02-19,34.64
2008-02-20,34.06
2008-02-21,35.21
2008-02-22,36.54
2008-02-25,37.13
2008-02-26,37.61
2008-02-27,36.52
2008-02-29,36.16
2008-03-03,37.21
2008-03-04,36.02
2008-03-05,37.47
2008-03-06,36.12
2008-03-07,39.15
2008-03-10,41.2
2008-03-11,40.89
2008-03-12,41.47
2008-03-13,42.59
2008-03-14,43.17
2008-03-17,38.78
2008-03-18,39.55
2008-03-19,39.14
2008-03-20,46.36
2008-03-21,43.47
2008-03-24,34.16
2008-03-25,32.91
2008-03-26,30.7
2008-03-27,29.93
2008-03-28,29.37
2008-03-31,28.79
2008-04-01,27.66
2008-04-02,28.46
2008-04-03,28.21
2008-04-07,27.34
2008-04-08,27.54
2008-04-09,27.44
2008-04-10,28.08
2008-04-11,27.68
2008-04-14,28.95
2008-04-15,28.94
2008-04-16,28.29
2008-04-17,25.63
2008-04-18,23.94
2008-04-21,24.38
2008-04-22,23.72
2008-04-23,24.15
2008-04-24,24.04
2008-04-25,24.22
2008-04-28,25.24
2008-04-29,25.55
2008-04-30,25.13
2008-05-02,24.72
2008-05-05,25.42
2008-05-06,24.61
2008-05-07,24.37
2008-05-08,23.21
2008-05-09,23.99
2008-05-12,23.84
2008-05-13,23.38
2008-05-14,23.95
2008-05-15,24.52
2008-05-16,24.47
2008-05-19,24.38
2008-05-20,25.06
2008-05-21,23.52
2008-05-22,22.62
2008-05-23,24.18
2008-05-26,24.44
2008-05-27,23.59
2008-05-28,23.21
2008-05-29,23.44
2008-05-30,23.8
2008-06-02,23.93
2008-06-03,23.91
2008-06-04,23.79
2008-06-05,23.73
2008-06-06,23.26
2008-06-09,25.42
2008-06-10,25.95
2008-06-11,26.92
2008-06-12,28.55
2008-06-13,27.07
2008-06-16,25.14
2008-06-17,24.08
2008-06-18,22.74
2008-06-19,24.04
2008-06-20,23.68
2008-06-23,24.14
2008-06-24,24.27
2008-06-25,25.16
2008-06-26,24.52
2008-06-27,25.09
2008-06-30,25.65
2008-07-01,24.7
2008-07-02,24.57
2008-07-03,26.32
2008-07-04,24.01
2008-07-07,26.31
2008-07-08,25.14
2008-07-09,27.23
2008-07-10,27.77
2008-07-11,27.58
2008-07-14,26.78
2008-07-15,23.84
2008-07-16,26.31
2008-07-17,30
2008-07-18,29.62
2008-07-21,30.04
2008-07-22,30.34
2008-07-23,29.95
2008-07-24,29.87
2008-07-25,30.81
2008-07-29,32
2008-07-30,31.38
2008-07-31,30.65
2008-08-01,30.95
2008-08-04,30.69
2008-08-05,30.44
2008-08-06,30.33
2008-08-07,30.73
2008-08-08,30.55
2008-08-11,30.13
2008-08-12,29.39
2008-08-13,29.06
2008-08-14,28.86
2008-08-15,28.29
2008-08-18,26.18
2008-08-19,26.71
2008-08-20,26.81
2008-08-21,29.39
2008-08-22,30.06
2008-08-25,28.79
2008-08-26,28.84
2008-08-27,28.09
2008-08-28,27.96
2008-08-29,27.99
2008-09-01,28.88
2008-09-02,28.86
2008-09-03,29.27
2008-09-04,28.84
2008-09-05,27.34
2008-09-08,30.76
2008-09-09,30.92
2008-09-10,32.55
2008-09-11,32.2
2008-09-12,33.4
2008-09-15,30.99
2008-09-16,32.99
2008-09-17,38.49
2008-09-18,42.21
2008-09-19,42.12
2008-09-22,39.19
2008-09-23,38.91
2008-09-24,38.29
2008-09-25,39.22
2008-09-26,40.11
2008-09-30,41.62
2008-10-01,41.25
2008-10-02,40.25
2008-10-03,41.62
2008-10-06,37.97
2008-10-07,40.06
2008-10-08,37.14
2008-10-09,40.97
2008-10-13,40.92
2008-10-14,42.29
2008-10-15,41.59
2008-10-16,43.46
2008-10-17,45.9
2008-10-20,50.62
2008-10-21,46.44
2008-10-22,42.44
2008-10-23,42.63
2008-10-24,42.63
2008-10-27,51.51
2008-10-28,60.41
2008-10-29,58.54
2008-10-30,54.97
2008-10-31,58.91
2008-11-03,57.11
2008-11-04,53.69
2008-11-05,51.16
2008-11-06,56.76
2008-11-07,57.33
2008-11-10,56.79
2008-11-11,54.7
2008-11-12,54.94
2008-11-13,55.2
2008-11-14,53.85
2008-11-17,46.35
2008-11-18,43.61
2008-11-19,45.12
2008-11-20,53.07
2008-11-21,55.4
2008-11-24,53.24
2008-11-25,51.51
2008-11-26,49.38
2008-11-27,44.46
2008-11-28,43.48
2008-12-01,41.94
2008-12-02,45.48
2008-12-03,45.84
2008-12-04,45.98
2008-12-05,44.79
2008-12-08,44.62
2008-12-09,44.56
2008-12-10,41.74
2008-12-11,44.08
2008-12-12,48.06
2008-12-15,39.71
2008-12-16,40.41
2008-12-17,40.09
2008-12-18,44.56
2008-12-19,43.28
2008-12-22,43.61
2008-12-23,44.42
2008-12-24,42.9
2008-12-25,39.38
2008-12-26,39.46
2008-12-29,38.88
2008-12-30,39.32
2008-12-31,39.41
2009-01-05,38.22
2009-01-06,38.59
2009-01-07,38.27
2009-01-08,42.23
2009-01-09,41.52
2009-01-10,41.82
2009-01-12,42.22
2009-01-13,42.2
2009-01-14,41.63
2009-01-15,46.72
2009-01-16,43.11
2009-01-17,41.22
2009-01-19,42.28
2009-01-20,44.27
2009-01-21,43.58
2009-02-02,42.57
2009-02-03,41.64
2009-02-04,39.36
2009-02-05,40.1
2009-02-06,38.95
2009-02-09,40.78
2009-02-10,40.49
2009-02-11,39.37
2009-02-12,39.74
2009-02-13,36.86
2009-02-16,35.92
2009-02-17,37.22
2009-02-18,37.37
2009-02-19,38.23
2009-02-20,40.93
2009-02-23,38.49
2009-02-24,38.75
2009-02-25,35.24
2009-02-26,34.92
2009-02-27,33.99
2009-03-02,38.19
2009-03-03,37.18
2009-03-04,35.5
2009-03-05,35.24
2009-03-06,35.48
2009-03-09,35.6
2009-03-10,35.55
2009-03-11,33.63
2009-03-12,33.87
2009-03-13,32.66
2009-03-16,31.59
2009-03-17,32.24
2009-03-18,32.9
2009-03-19,34.07
2009-03-20,33.87
2009-03-23,32.78
2009-03-24,32.96
2009-03-25,33.96
2009-03-26,35.32
2009-03-27,33.72
2009-03-30,35.7
2009-03-31,35.06
2009-04-01,34.16
2009-04-02,32.93
2009-04-03,33.38
2009-04-06,33.73
2009-04-07,33.36
2009-04-08,34.81
2009-04-09,33.55
2009-04-10,32.43
2009-04-13,35.39
2009-04-14,34.51
2009-04-15,34.64
2009-04-16,32.78
2009-04-17,39.2
2009-04-20,37.35
2009-04-21,37.23
2009-04-22,37.4
2009-04-23,36.86
2009-04-24,36.14
2009-04-27,38.77
2009-04-28,39.77
2009-04-29,39.24
2009-04-30,39.51
2009-05-04,37.57
2009-05-05,45.38
2009-05-06,45.25
2009-05-07,45.33
2009-05-08,46.33
2009-05-11,44.83
2009-05-12,44.38
2009-05-13,40.63
2009-05-14,38.73
2009-05-15,40.21
2009-05-18,37.42
2009-05-19,36.34
2009-05-20,36.78
2009-05-21,38.49
2009-05-22,37.39
2009-05-25,37.15
2009-05-26,38.37
2009-05-27,35.5
2009-06-01,36.09
2009-06-02,35.6
2009-06-03,36.57
2009-06-04,36.55
2009-06-05,35.52
2009-06-06,32.61
2009-06-08,33.19
2009-06-09,34.91
2009-06-10,35.62
2009-06-11,35.46
2009-06-12,35.94
2009-06-15,27.15
2009-06-16,28.94
2009-06-17,29.68
2009-06-18,33.41
2009-06-19,32.17
2009-06-22,30.22
2009-06-23,30.28
2009-06-24,33.61
2009-06-25,33.84
2009-06-26,33.17
2009-06-29,32.79
2009-06-30,31.72
2009-07-01,30.48
2009-07-02,30.01
2009-07-03,30
2009-07-06,31.15
2009-07-07,29.63
2009-07-08,30
2009-07-09,29.14
2009-07-10,28.99
2009-07-13,32.99
2009-07-14,31.69
2009-07-15,31.04
2009-07-16,29
2009-07-17,29.51
2009-07-20,29.95
2009-07-21,29.91
2009-07-22,30.16
2009-07-23,30.47
2009-07-24,31.06
2009-07-27,31.65
2009-07-28,31.18
2009-07-29,32.24
2009-07-30,32.73
2009-07-31,30.98
2009-08-03,30.95
2009-08-04,31.09
2009-08-05,32.67
2009-08-06,31.93
2009-08-10,34.12
2009-08-11,32.26
2009-08-12,32.98
2009-08-13,31.14
2009-08-14,29.77
2009-08-17,27.18
2009-08-18,26.83
2009-08-19,26.32
2009-08-20,28.39
2009-08-21,28.33
2009-08-24,27.52
2009-08-25,27.17
2009-08-26,26.58
2009-08-27,26.7
2009-08-28,25.9
2009-08-31,26.05
2009-09-01,25.58
2009-09-02,26.43
2009-09-03,25.76
2009-09-04,26.07
2009-09-07,26.9
2009-09-08,27.78
2009-09-09,27.88
2009-09-10,28.34
2009-09-11,27.48
2009-09-14,26.76
2009-09-15,26.22
2009-09-16,26
2009-09-17,26.73
2009-09-18,26.55
2009-09-21,27.11
2009-09-22,26.67
2009-09-23,26.54
2009-09-24,25.94
2009-09-25,25.66
2009-09-28,26.66
2009-09-29,26.21
2009-09-30,26.07
2009-10-01,26.54
2009-10-02,27.54
2009-10-05,27.9
2009-10-06,27.63
2009-10-07,26.74
2009-10-08,27.61
2009-10-09,27.06
2009-10-12,27.66
2009-10-13,27.91
2009-10-14,27.56
2009-10-15,28.3
2009-10-16,28.63
2009-10-19,27.9
2009-10-20,27.23
2009-10-21,27
2009-10-22,24.83
2009-10-23,24.26
2009-10-26,24.33
2009-10-27,24.44
2009-10-28,26.18
2009-10-29,28.1
2009-10-30,27.17
2009-11-02,27.11
2009-11-03,27.99
2009-11-04,26.71
2009-11-05,26.94
2009-11-06,26.4
2009-11-09,27.43
2009-11-10,26.88
2009-11-11,26.96
2009-11-12,26.95
2009-11-13,26.31
2009-11-16,24.44
2009-11-17,23.99
2009-11-18,23.16
2009-11-19,23.76
2009-11-20,23.13
2009-11-23,23.4
2009-11-24,23.21
2009-11-25,22.17
2009-11-26,21.59
2009-11-27,25.75
2009-11-30,23.67
2009-12-01,22.44
2009-12-02,21.79
2009-12-03,22.96
2009-12-04,23.63
2009-12-07,22.04
2009-12-08,20.97
2009-12-09,20.56
2009-12-10,20.38
2009-12-11,18.87
2009-12-14,19.18
2009-12-15,19.83
2009-12-16,19.54
2009-12-17,21.06
2009-12-18,20.33
2009-12-21,19.87
2009-12-22,19.38
2009-12-23,18.97
2009-12-24,18.81
2009-12-25,18.44
2009-12-28,18.66
2009-12-29,18.77
2009-12-30,18.15
2009-12-31,18.12
2010-01-04,18.57
2010-01-05,19.24
2010-01-06,20
2010-01-07,20.62
2010-01-08,19.6
2010-01-11,19.01
2010-01-12,18.1
2010-01-13,18.4
2010-01-14,17.72
2010-01-15,17.53
2010-01-18,19.71
2010-01-19,18.87
2010-01-20,19.17
2010-01-21,15.47
2010-01-22,16.65
2010-01-25,18.3
2010-01-26,20.9
2010-01-27,20.44
2010-01-28,18.96
2010-01-29,20.45
2010-02-01,21.76
2010-02-02,22.11
2010-02-03,21.36
2010-02-04,20.72
2010-02-05,26.4
2010-02-06,24.68
2010-02-08,27.14
2010-02-09,25.13
2010-02-10,24.6
2010-02-22,21.88
2010-02-23,21.83
2010-02-24,22.43
2010-02-25,22.99
2010-02-26,22.6
2010-03-01,21.17
2010-03-02,20.51
2010-03-03,20.27
2010-03-04,20.42
2010-03-05,19.82
2010-03-08,19.51
2010-03-09,19.59
2010-03-10,19.25
2010-03-11,19.14
2010-03-12,19.15
2010-03-15,18.9
2010-03-16,18.47
2010-03-17,17.94
2010-03-18,19.31
2010-03-19,19.33
2010-03-22,19.75
2010-03-23,19.42
2010-03-24,19.4
2010-03-25,18.96
2010-03-26,18.53
2010-03-29,18.24
2010-03-30,18.2
2010-03-31,18.4
2010-04-01,17.87
2010-04-02,18.01
2010-04-06,18.07
2010-04-07,17.81
2010-04-08,18.44
2010-04-09,18.16
2010-04-12,18.85
2010-04-13,19.82
2010-04-14,18.56
2010-04-15,18.38
2010-04-16,18.38
2010-04-19,21.11
2010-04-20,20.75
2010-04-21,20.48
2010-04-22,19.74
2010-04-23,19.65
2010-04-26,20
2010-04-27,20.16
2010-04-28,21.41
2010-04-29,21.32
2010-04-30,21.63
2010-05-03,22.27
2010-05-04,22.03
2010-05-05,23.57
2010-05-06,23.38
2010-05-07,25.62
2010-05-10,24.81
2010-05-11,25.53
2010-05-12,24.42
2010-05-13,22.33
2010-05-14,22.49
2010-05-17,23.24
2010-05-18,23.04
2010-05-19,23.15
2010-05-20,26.65
2010-05-21,25.96
2010-05-24,24.93
2010-05-25,24.72
2010-05-26,25.79
2010-05-27,24.98
2010-05-28,23.9
2010-05-31,23.4
2010-06-01,24.17
2010-06-02,24.72
2010-06-03,23.45
2010-06-04,23.64
2010-06-07,24.3
2010-06-08,24.42
2010-06-09,23.79
2010-06-10,23.66
2010-06-11,22.34
2010-06-14,21.2
2010-06-15,20.94
2010-06-17,20.75
2010-06-18,21.64
2010-06-21,21.41
2010-06-22,21.6
2010-06-23,21.31
2010-06-24,21.19
2010-06-25,21.21
2010-06-28,21.85
2010-06-29,22.67
2010-06-30,22.86
2010-07-01,23.06
2010-07-02,22.73
2010-07-05,22.1
2010-07-06,21.43
2010-07-07,21.79
2010-07-08,21.27
2010-07-09,21.01
2010-07-12,21.54
2010-07-13,21.69
2010-07-14,20.24
2010-07-15,20.31
2010-07-16,20.63
2010-07-19,22.03
2010-07-20,21.86
2010-07-21,21.27
2010-07-22,20.46
2010-07-23,19.45
2010-07-26,19.78
2010-07-27,19.69
2010-07-28,19.43
2010-07-29,19.29
2010-07-30,19.31
2010-08-02,18.74
2010-08-03,17.92
2010-08-04,17.98
2010-08-05,18.02
2010-08-06,17.29
2010-08-09,16.9
2010-08-10,17.4
2010-08-11,17.4
2010-08-12,18.04
2010-08-13,17.4
2010-08-16,17.79
2010-08-17,17.73
2010-08-18,17.95
2010-08-19,17.82
2010-08-20,17.89
2010-08-23,17.24
2010-08-24,17.94
2010-08-25,19.77
2010-08-26,19.43
2010-08-27,19.17
2010-08-30,18.22
2010-08-31,18.67
2010-09-01,17.67
2010-09-02,17.6
2010-09-03,16.6
2010-09-06,16.35
2010-09-07,16.43
2010-09-08,16.68
2010-09-09,16.68
2010-09-10,16.04
2010-09-13,16.59
2010-09-14,16.68
2010-09-15,16.87
2010-09-16,16.59
2010-09-17,16.42
2010-09-20,16.93
2010-09-21,17.03
2010-09-23,17.48
2010-09-24,17.88
2010-09-27,17.92
2010-09-28,17.93
2010-09-29,17.89
2010-09-30,18.2
2010-10-01,18.04
2010-10-04,18.61
2010-10-05,18.55
2010-10-06,18.02
2010-10-07,18.02
2010-10-08,18.47
2010-10-11,19.34
2010-10-12,19.66
2010-10-13,18.98
2010-10-14,18.39
2010-10-15,18.38
2010-10-18,20.86
2010-10-19,20.56
2010-10-20,20.27
2010-10-21,18.14
2010-10-22,17.67
2010-10-25,17.02
2010-10-26,16.74
2010-10-27,16.78
2010-10-28,16.64
2010-10-29,17.14
2010-11-01,17.37
2010-11-02,17.76
2010-11-03,18.25
2010-11-04,17.67
2010-11-05,17.68
2010-11-08,18.43
2010-11-09,18.21
2010-11-10,18.07
2010-11-11,17.66
2010-11-12,18.51
2010-11-15,18.7
2010-11-16,18.23
2010-11-17,18.76
2010-11-18,17.97
2010-11-19,17.55
2010-11-22,17.65
2010-11-23,17.97
2010-11-24,18.24
2010-11-25,18.27
2010-11-26,19.54
2010-11-29,17.38
2010-11-30,17.32
2010-12-01,16.6
2010-12-02,16.11
2010-12-03,15.9
2010-12-06,15.75
2010-12-07,15.77
2010-12-08,16.15
2010-12-09,16.34
2010-12-10,16.54
2010-12-13,16.71
2010-12-14,16.58
2010-12-15,16.69
2010-12-16,14.78
2010-12-17,14.47
2010-12-20,14.63
2010-12-21,13.69
2010-12-22,13.29
2010-12-23,13.36
2010-12-24,13.42
2010-12-27,13.61
2010-12-28,13.77
2010-12-29,14.15
2010-12-30,14.18
2010-12-31,14.13
2011-01-03,14.57
2011-01-04,14.64
2011-01-05,15.92
2011-01-06,15.13
2011-01-07,15.6
2011-01-10,15.56
2011-01-11,14.82
2011-01-12,14.45
2011-01-13,14.76
2011-01-14,14.64
2011-01-17,16.4
2011-01-18,16.19
2011-01-19,15.83
2011-01-20,14.05
2011-01-21,14.58
2011-01-24,14.9
2011-01-25,14.23
2011-01-26,13.71
2011-01-27,14.12
2011-01-28,13.73
2011-02-08,15.4
2011-02-09,14.91
2011-02-10,15.58
2011-02-11,18.54
2011-02-14,15.73
2011-02-15,15.44
2011-02-16,15.51
2011-02-17,16.34
2011-02-18,14.86
2011-02-21,15.36
2011-02-22,17.37
2011-02-23,17.81
2011-02-24,17.77
2011-02-25,17.02
2011-03-01,16.76
2011-03-02,18
2011-03-03,16.73
2011-03-04,17
2011-03-07,18.03
2011-03-08,17.86
2011-03-09,17.12
2011-03-10,18.04
2011-03-11,17.46
2011-03-14,18.75
2011-03-15,23.42
2011-03-16,22.3
2011-03-17,23.29
2011-03-18,21.02
2011-03-21,19.22
2011-03-22,18.09
2011-03-23,17.99
2011-03-24,17.12
2011-03-25,16.38
2011-03-28,17.63
2011-03-29,17.17
2011-03-30,16.84
2011-03-31,16.9
2011-04-01,16.32
2011-04-06,16.34
2011-04-07,16.07
2011-04-08,16.46
2011-04-11,16.91
2011-04-12,18.32
2011-04-13,17.25
2011-04-14,17.94
2011-04-15,18.43
2011-04-18,18.94
2011-04-19,19.44
2011-04-20,18.02
2011-04-21,16.68
2011-04-22,16.26
2011-04-25,17.13
2011-04-26,17.05
2011-04-27,17.09
2011-04-28,17.35
2011-04-29,16.95
2011-05-03,17.94
2011-05-04,17.21
2011-05-05,17.08
2011-05-06,17.61
2011-05-09,17.59
2011-05-10,17.68
2011-05-11,18.45
2011-05-12,17.88
2011-05-13,17.77
2011-05-16,18
2011-05-17,17.82
2011-05-18,16.97
2011-05-19,17.14
2011-05-20,16.52
2011-05-23,16.97
2011-05-24,16.21
2011-05-25,16.67
2011-05-26,15.54
2011-05-27,15.49
2011-05-30,15.71
2011-05-31,15.16
2011-06-01,14.67
2011-06-02,15.1
2011-06-03,14.87
2011-06-07,15.8
2011-06-08,15.92
2011-06-09,16.04
2011-06-10,16.69
2011-06-13,17.32
2011-06-14,16.54
2011-06-15,16.95
2011-06-16,17.24
2011-06-17,17.86
2011-06-20,18.54
2011-06-21,17.52
2011-06-22,17.84
2011-06-23,18.02
2011-06-24,17.55
2011-06-27,18.19
2011-06-28,18.32
2011-06-29,18.12
2011-06-30,16.98
2011-07-01,15.97
2011-07-04,16.13
2011-07-05,15.86
2011-07-06,15.3
2011-07-07,15.09
2011-07-08,15.8
2011-07-11,16.37
2011-07-12,17.91
2011-07-13,17.91
2011-07-14,18.03
2011-07-15,17.69
2011-07-18,19.1
2011-07-19,18.74
2011-07-20,17.38
2011-07-21,16.51
2011-07-22,15.59
2011-07-25,16.97
2011-07-26,16.54
2011-07-27,16.63
2011-07-28,17.6
2011-07-29,19.14
2011-08-01,18.43
2011-08-02,18.53
2011-08-03,18.96
2011-08-04,19.2
2011-08-05,28.98
2011-08-08,37.1
2011-08-09,38.27
2011-08-10,33.67
2011-08-11,34.92
2011-08-12,32.76
2011-08-15,26.66
2011-08-16,26.63
2011-08-17,26.14
2011-08-18,29.6
2011-08-19,39.77
2011-08-22,38.05
2011-08-23,33.11
2011-08-24,35.29
2011-08-25,37.89
2011-08-26,36.15
2011-08-29,31.91
2011-08-30,28.9
2011-08-31,27.8
2011-09-01,28.62
2011-09-02,27.75
2011-09-05,31.47
2011-09-06,34.61
2011-09-07,30.14
2011-09-08,30.4
2011-09-09,29.61
2011-09-13,34.01
2011-09-14,36.29
2011-09-15,33.99
2011-09-16,30.93
2011-09-19,31.81
2011-09-20,32.08
2011-09-21,31.23
2011-09-22,34.7
2011-09-23,38.01
2011-09-26,40.61
2011-09-27,36.63
2011-09-28,37.39
2011-09-29,37.45
2011-09-30,36.92
2011-10-03,39.06
2011-10-04,38.57
2011-10-05,39.75
2011-10-06,35.92
2011-10-07,33.86
2011-10-11,30.29
2011-10-12,28.91
2011-10-13,27.03
2011-10-14,26.74
2011-10-17,26.2
2011-10-18,27.24
2011-10-19,26.84
2011-10-20,29.45
2011-10-21,28.52
2011-10-24,26.63
2011-10-25,27.21
2011-10-26,27.42
2011-10-27,25.79
2011-10-28,24.44
2011-10-31,24.85
2011-11-01,25.17
2011-11-02,27.13
2011-11-03,30.72
2011-11-04,25.39
2011-11-07,25.77
2011-11-08,26.9
2011-11-09,25.09
2011-11-10,29.68
2011-11-11,27.52
2011-11-14,25.04
2011-11-15,26.06
2011-11-16,27.43
2011-11-17,27.11
2011-11-18,29.77
2011-11-21,31.28
2011-11-22,29.31
2011-11-23,30.65
2011-11-24,30.24
2011-11-25,30.65
2011-11-28,28.41
2011-11-29,27.48
2011-11-30,28.3
2011-12-01,26.34
2011-12-02,26.75
2011-12-05,28.54
2011-12-06,30.26
2011-12-07,29.63
2011-12-08,31.64
2011-12-09,33.1
2011-12-12,30.23
2011-12-13,29.91
2011-12-14,28.88
2011-12-15,29.48
2011-12-16,28.12
2011-12-19,28.02
2011-12-20,27.69
2011-12-21,25.96
2011-12-22,27.05
2011-12-23,25.68
2011-12-26,27.31
2011-12-27,28.66
2011-12-28,29.12
2011-12-29,29.09
2011-12-30,28.78
2012-01-02,30.18
2012-01-03,29.75
2012-01-04,29.28
2012-01-05,28.74
2012-01-06,29.09
2012-01-09,30.2
2012-01-10,29.61
2012-01-11,29.8
2012-01-12,31.48
2012-01-13,33.39
2012-01-16,24.13
2012-01-17,22.46
2012-01-18,22.41
2012-01-30,20.99
2012-01-31,21.14
2012-02-01,20.24
2012-02-02,20.39
2012-02-03,20.02
2012-02-04,19.87
2012-02-06,20.61
2012-02-07,20.16
2012-02-08,20.52
2012-02-09,20.74
2012-02-10,20.35
2012-02-13,20.47
2012-02-14,20.29
2012-02-15,19.91
2012-02-16,20.27
2012-02-17,20.16
2012-02-20,20.45
2012-02-21,20.14
2012-02-22,20.17
2012-02-23,20.77
2012-02-24,20.54
2012-02-29,19.82
2012-03-01,20.14
2012-03-02,19.87
2012-03-03,19.64
2012-03-05,20.42
2012-03-06,20.33
2012-03-07,21.23
2012-03-08,20.59
2012-03-09,20
2012-03-12,20.78
2012-03-13,19.77
2012-03-14,18.99
2012-03-15,19.38
2012-03-16,19.06
2012-03-19,19.47
2012-03-20,19.46
2012-03-21,19.21
2012-03-22,18.12
2012-03-23,18.52
2012-03-26,19.27
2012-03-27,18.85
2012-03-28,19.03
2012-03-29,20.35
2012-03-30,19.08
2012-04-02,19.48
2012-04-03,19.31
2012-04-05,20.57
2012-04-06,19.52
2012-04-09,20.61
2012-04-10,19.77
2012-04-11,19.98
2012-04-12,20.04
2012-04-13,17.96
2012-04-16,19.71
2012-04-17,20.17
2012-04-18,19.9
2012-04-19,18.99
2012-04-20,19.06
2012-04-23,19.32
2012-04-24,19.63
2012-04-25,19.06
2012-04-26,19.34
2012-04-27,19.07
2012-04-30,18.47
2012-05-02,17.12
2012-05-03,16.93
2012-05-04,17.15
2012-05-07,19.09
2012-05-08,18.15
2012-05-09,19.32
2012-05-10,19.16
2012-05-11,20.16
2012-05-14,19.24
2012-05-15,19.69
2012-05-16,21.14
2012-05-17,20.84
2012-05-18,26.06
2012-05-21,24.21
2012-05-22,21.21
2012-05-23,23.08
2012-05-24,22.68
2012-05-25,22.74
2012-05-28,22.26
2012-05-29,21.31
2012-05-30,22.45
2012-05-31,23.69
2012-06-01,25.51
2012-06-04,29.33
2012-06-05,27.96
2012-06-06,27.2
2012-06-07,26.39
2012-06-08,27.38
2012-06-11,25.82
2012-06-12,26.78
2012-06-13,26.68
2012-06-14,27.47
2012-06-15,26.54
2012-06-18,22.9
2012-06-19,22.21
2012-06-20,21.59
2012-06-21,20.5
2012-06-22,20.77
2012-06-25,21.75
2012-06-26,21.69
2012-06-27,21.1
2012-06-28,21.01
2012-06-29,20.01
2012-07-02,18.54
2012-07-03,17.97
2012-07-04,17.48
2012-07-05,17.51
2012-07-06,17.73
2012-07-09,18.25
2012-07-10,18
2012-07-11,17.48
2012-07-12,18.25
2012-07-13,18.33
2012-07-16,18.38
2012-07-17,17.65
2012-07-18,17.8
2012-07-19,16.94
2012-07-20,17.22
2012-07-23,18.84
2012-07-24,19.28
2012-07-25,20.33
2012-07-26,20.04
2012-07-27,17.81
2012-07-30,18.15
2012-07-31,18.52
2012-08-01,18.84
2012-08-03,17.65
2012-08-06,17.09
2012-08-07,17.3
2012-08-08,17.42
2012-08-09,17.37
2012-08-10,17.08
2012-08-13,17.62
2012-08-14,17.33
2012-08-15,17.41
2012-08-16,16.69
2012-08-17,16.66
2012-08-20,16.78
2012-08-21,16.88
2012-08-22,16.95
2012-08-23,16.76
2012-08-24,16.89
2012-08-27,17.66
2012-08-28,17.59
2012-08-29,17.46
2012-08-30,17.9
2012-08-31,18.35
2012-09-03,18.04
2012-09-04,17.66
2012-09-05,18.13
2012-09-06,17.91
2012-09-07,16.55
2012-09-10,16.52
2012-09-11,17.31
2012-09-12,17.43
2012-09-13,16.86
2012-09-14,15.86
2012-09-17,16.34
2012-09-18,16.3
2012-09-19,16.1
2012-09-20,15.76
2012-09-21,15.47
2012-09-24,15.46
2012-09-25,15.44
2012-09-26,15.64
2012-09-27,16.05
2012-09-28,15.85
2012-10-01,15.88
2012-10-02,15.51
2012-10-03,15.34
2012-10-04,15.41
2012-10-05,15.13
2012-10-08,15.58
2012-10-09,14.93
2012-10-11,15.58
2012-10-12,15.41
2012-10-15,15.02
2012-10-16,14.66
2012-10-17,15.28
2012-10-18,14.61
2012-10-19,14.63
2012-10-22,15
2012-10-23,15.1
2012-10-24,15.36
2012-10-25,15.82
2012-10-26,17.69
2012-10-29,17.42
2012-10-30,17.07
2012-10-31,17.24
2012-11-01,16.53
2012-11-02,16.7
2012-11-05,17.72
2012-11-06,16.98
2012-11-07,16.68
2012-11-08,17.12
2012-11-09,16.47
2012-11-12,17.18
2012-11-13,17.76
2012-11-14,17.56
2012-11-15,17.22
2012-11-16,17.88
2012-11-19,16.95
2012-11-20,16.76
2012-11-21,17.01
2012-11-22,16.28
2012-11-23,15.81
2012-11-26,15.85
2012-11-27,15.58
2012-11-28,15.58
2012-11-29,15.35
2012-11-30,14.99
2012-12-03,15.07
2012-12-04,15.4
2012-12-05,15.03
2012-12-06,15.55
2012-12-07,15.47
2012-12-10,15.87
2012-12-11,15.75
2012-12-12,15.38
2012-12-13,15.04
2012-12-14,15.36
2012-12-17,15.32
2012-12-18,15.3
2012-12-19,17.07
2012-12-20,16.22
2012-12-21,17.36
2012-12-22,16.65
2012-12-24,16.65
2012-12-25,16.05
2012-12-26,16.71
2012-12-27,17.12
2012-12-28,16.66
2013-01-02,15.22
2013-01-03,14.47
2013-01-04,14.05
2013-01-07,14.13
2013-01-08,13.98
2013-01-09,13.37
2013-01-10,13.28
2013-01-11,12.88
2013-01-14,14.12
2013-01-15,14.38
2013-01-16,14.63
2013-01-17,14.34
2013-01-18,13.36
2013-01-21,13.71
2013-01-22,13.25
2013-01-23,13.28
2013-01-24,12.73
2013-01-25,12.4
2013-01-28,12.57
2013-01-29,12.34
2013-01-30,12.51
2013-01-31,12.6
2013-02-01,12.87
2013-02-04,13.26
2013-02-05,13.68
2013-02-06,13.82
2013-02-18,14.49
2013-02-19,13.73
2013-02-20,14.24
2013-02-21,14.15
2013-02-22,14.1
2013-02-23,13.86
2013-02-25,14.52
2013-02-26,14.83
2013-02-27,14.7
2013-03-01,13.92
2013-03-04,14.29
2013-03-05,13.25
2013-03-06,12.89
2013-03-07,12.98
2013-03-08,12.58
2013-03-11,12.69
2013-03-12,12.83
2013-03-13,12.84
2013-03-14,13.1
2013-03-15,13.17
2013-03-18,14.54
2013-03-19,13.89
2013-03-20,13.88
2013-03-21,12.72
2013-03-22,12.67
2013-03-25,12.46
2013-03-26,12.36
2013-03-27,12.31
2013-03-28,12.44
2013-03-29,11.51
2013-04-01,11.85
2013-04-02,11.61
2013-04-03,11.38
2013-04-08,13.65
2013-04-09,13.26
2013-04-10,13.24
2013-04-11,11.93
2013-04-12,12.35
2013-04-15,12.95
2013-04-16,12.71
2013-04-17,13.45
2013-04-18,13.05
2013-04-19,12.6
2013-04-22,12.39
2013-04-23,12.05
2013-04-24,12.28
2013-04-25,12.26
2013-04-26,12.2
2013-04-29,12.52
2013-04-30,12.51
2013-05-02,12.92
2013-05-03,12.93
2013-05-06,12.69
2013-05-07,12.66
2013-05-08,13.01
2013-05-09,12.56
2013-05-10,12.31
2013-05-13,12.94
2013-05-14,13.32
2013-05-15,13.4
2013-05-16,12.88
2013-05-17,12.6
2013-05-20,12.59
2013-05-21,11.9
2013-05-22,11.84
2013-05-23,12.85
2013-05-24,12.45
2013-05-27,12.73
2013-05-28,12.5
2013-05-29,12.7
2013-05-30,13.35
2013-05-31,13.68
2013-06-03,13.99
2013-06-04,14.36
2013-06-05,14.91
2013-06-06,14.89
2013-06-07,15.16
2013-06-10,14.55
2013-06-11,14.98
2013-06-13,17.39
2013-06-14,16.62
2013-06-17,15.87
2013-06-18,15.65
2013-06-19,16.11
2013-06-20,15.95
2013-06-21,16.78
2013-06-24,17.29
2013-06-25,18.57
2013-06-26,17.68
2013-06-27,16.27
2013-06-28,14.85
2013-07-01,14.78
2013-07-02,14.68
2013-07-03,15.47
2013-07-04,14.55
2013-07-05,14.35
2013-07-08,15.35
2013-07-09,14.87
2013-07-10,15.25
2013-07-11,14.94
2013-07-12,14.69
2013-07-15,16.01
2013-07-16,16.05
2013-07-17,16.65
2013-07-18,14.61
2013-07-19,15.1
2013-07-22,15.21
2013-07-23,14.79
2013-07-24,15.04
2013-07-25,15.18
2013-07-26,15.38
2013-07-29,16.48
2013-07-30,16.05
2013-07-31,16.34
2013-08-01,16.41
2013-08-02,15.95
2013-08-05,15.84
2013-08-06,15.74
2013-08-07,16.28
2013-08-08,15.8
2013-08-09,15.86
2013-08-12,15.73
2013-08-13,14.91
2013-08-14,15.28
2013-08-15,15.21
2013-08-16,15.75
2013-08-19,15.92
2013-08-20,16.21
2013-08-22,16.72
2013-08-23,15.57
2013-08-26,15.33
2013-08-27,15.56
2013-08-28,15.79
2013-08-29,15.09
2013-08-30,14.57
2013-09-02,15.04
2013-09-03,15.3
2013-09-04,15.71
2013-09-05,15.07
2013-09-06,15
2013-09-09,15.39
2013-09-10,15.67
2013-09-11,15.38
2013-09-12,14.79
2013-09-13,14.53
2013-09-14,14.72
2013-09-16,14.67
2013-09-17,15.14
2013-09-18,15.35
2013-09-23,14.62
2013-09-24,14.32
2013-09-25,14.05
2013-09-26,13.85
2013-09-27,13.59
2013-09-30,13.98
2013-10-01,13.92
2013-10-02,13.54
2013-10-03,13.22
2013-10-04,13.36
2013-10-07,13.88
2013-10-08,13.92
2013-10-09,14.77
2013-10-11,13.63
2013-10-14,14.88
2013-10-15,14.52
2013-10-16,14.89
2013-10-17,12.02
2013-10-18,11.29
2013-10-21,11.74
2013-10-22,11.66
2013-10-23,12.24
2013-10-24,12.05
2013-10-25,12.31
2013-10-28,12.41
2013-10-29,12.25
2013-10-30,12.37
2013-10-31,12.3
2013-11-01,12.64
2013-11-04,12.76
2013-11-05,12.72
2013-11-06,12.61
2013-11-07,12.52
2013-11-08,12.77
2013-11-11,12.99
2013-11-12,12.72
2013-11-13,13.25
2013-11-14,13.01
2013-11-15,12.61
2013-11-18,12.48
2013-11-19,12.39
2013-11-20,12.38
2013-11-21,13.46
2013-11-22,13.25
2013-11-25,12.8
2013-11-26,12.34
2013-11-27,12.17
2013-11-28,11.89
2013-11-29,11.81
2013-12-02,12.03
2013-12-03,12.07
2013-12-04,11.91
2013-12-05,12.8
2013-12-06,12.27
2013-12-09,11.32
2013-12-10,11.66
2013-12-11,12.21
2013-12-12,12.23
2013-12-13,11.88
2013-12-16,12.29
2013-12-17,12.55
2013-12-18,12.86
2013-12-19,11.7
2013-12-20,11.1
2013-12-23,10.55
2013-12-24,10.31
2013-12-25,10.13
2013-12-26,10.17
2013-12-27,9.87
2013-12-30,9.79
2013-12-31,9.85
2014-01-02,10.24
2014-01-03,10.77
2014-01-06,11.14
2014-01-07,10.67
2014-01-08,10.41
2014-01-09,10.82
2014-01-10,10.69
2014-01-13,11.82
2014-01-14,11.91
2014-01-15,11.74
2014-01-16,9.81
2014-01-17,9.5
2014-01-20,9.77
2014-01-21,10.13
2014-01-22,10.19
2014-01-23,10.38
2014-01-24,10.37
2014-01-27,12.94
2014-02-05,15.35
2014-02-06,14.09
2014-02-07,12.74
2014-02-10,12.57
2014-02-11,11.87
2014-02-12,11.76
2014-02-13,11.89
2014-02-14,12
2014-02-17,11.92
2014-02-18,12.39
2014-02-19,12.33
2014-02-20,12.13
2014-02-21,11.25
2014-02-24,11.81
2014-02-25,11.45
2014-02-26,11.14
2014-02-27,11.31
2014-03-03,11.98
2014-03-04,11.91
2014-03-05,11.38
2014-03-06,10.97
2014-03-07,11.02
2014-03-10,11.72
2014-03-11,11.31
2014-03-12,11.65
2014-03-13,11.51
2014-03-14,12.26
2014-03-17,12.97
2014-03-18,12.35
2014-03-19,12.29
2014-03-20,12.19
2014-03-21,12.14
2014-03-24,12.13
2014-03-25,11.32
2014-03-26,11.12
2014-03-27,10.98
2014-03-28,11.55
2014-03-31,11.31
2014-04-01,11.05
2014-04-02,11.18
2014-04-03,10.71
2014-04-07,11.04
2014-04-08,10.93
2014-04-09,10.41
2014-04-10,10.46
2014-04-11,10.89
2014-04-14,12.21
2014-04-15,12.43
2014-04-16,12.49
2014-04-17,11.29
2014-04-18,11.09
2014-04-21,11.38
2014-04-22,10.86
2014-04-23,10.86
2014-04-24,10.5
2014-04-25,11.7
2014-04-28,11.53
2014-04-29,11.34
2014-04-30,12.53
2014-05-02,11.72
2014-05-05,12.03
2014-05-06,11.78
2014-05-07,11.92
2014-05-08,11.27
2014-05-09,11.44
2014-05-12,11.75
2014-05-13,11.24
2014-05-14,10.86
2014-05-15,11.03
2014-05-16,10.79
2014-05-19,10.92
2014-05-20,10.87
2014-05-21,10.75
2014-05-22,9.9
2014-05-23,9.64
2014-05-26,9.65
2014-05-27,9.45
2014-05-28,9.22
2014-05-29,9.29
2014-05-30,9.56
2014-06-03,9.45
2014-06-04,9.27
2014-06-05,9.22
2014-06-06,8.94
2014-06-09,8.89
2014-06-10,8.95
2014-06-11,9.11
2014-06-12,8.99
2014-06-13,9.2
2014-06-16,9.18
2014-06-17,8.86
2014-06-18,9.32
2014-06-19,8.64
2014-06-20,8.85
2014-06-23,8.96
2014-06-24,8.84
2014-06-25,8.81
2014-06-26,8.37
2014-06-27,8.47
2014-06-30,8.57
2014-07-01,8.91
2014-07-02,10.56
2014-07-03,10.71
2014-07-04,11.08
2014-07-07,10.78
2014-07-08,10.5
2014-07-09,10.4
2014-07-10,10.06
2014-07-11,10.57
2014-07-14,10.39
2014-07-15,10.19
2014-07-16,10.62
2014-07-17,10.47
2014-07-18,10.57
2014-07-21,10.24
2014-07-22,9.57
2014-07-24,9.68
2014-07-25,9.91
2014-07-28,10.23
2014-07-29,10.49
2014-07-30,10.51
2014-07-31,11.23
2014-08-01,11.61
2014-08-04,11.7
2014-08-05,13.23
2014-08-06,12.67
2014-08-07,12.14
2014-08-08,12.35
2014-08-11,12.51
2014-08-12,12.34
2014-08-13,12.7
2014-08-14,11.71
2014-08-15,11.86
2014-08-18,12.84
2014-08-19,12.25
2014-08-20,12.15
2014-08-21,11.59
2014-08-22,10.97
2014-08-25,11.43
2014-08-26,11.59
2014-08-27,11.11
2014-08-28,10.98
2014-08-29,11.29
2014-09-01,10.95
2014-09-02,11.58
2014-09-03,11.74
2014-09-04,11.57
2014-09-05,11.62
2014-09-09,12.1
2014-09-10,12.44
2014-09-11,12.39
2014-09-12,12.48
2014-09-15,13.08
2014-09-16,13.37
2014-09-17,12.97
2014-09-18,12.33
2014-09-19,12.02
2014-09-22,12.6
2014-09-23,12.6
2014-09-24,12.48
2014-09-25,12.6
2014-09-26,12.58
2014-09-29,12.97
2014-09-30,12.75
2014-10-01,12.99
2014-10-02,13.15
2014-10-03,12.77
2014-10-06,12.67
2014-10-07,13.19
2014-10-08,13.8
2014-10-09,12.92
2014-10-13,16.69
2014-10-14,15.95
2014-10-15,15.83
2014-10-16,16.56
2014-10-17,17.5
2014-10-20,15.25
2014-10-21,14.61
2014-10-22,13.97
2014-10-23,13.46
2014-10-24,14.27
2014-10-27,14.42
2014-10-28,13.71
2014-10-29,13.66
2014-10-30,13.72
2014-10-31,14.53
2014-11-03,14.92
2014-11-04,15.02
2014-11-05,14.98
2014-11-06,14.74
2014-11-07,14.5
2014-11-10,14.25
2014-11-11,14.3
2014-11-12,14.83
2014-11-13,14.5
2014-11-14,14.51
2014-11-17,15.2
2014-11-18,15.55
2014-11-19,15.07
2014-11-20,14.71
2014-11-21,14.36
2014-11-24,14.49
2014-11-25,14.68
2014-11-26,15.07
2014-11-27,14.15
2014-11-28,14.31
2014-12-01,13.84
2014-12-02,13.8
2014-12-03,13.21
2014-12-04,12.77
2014-12-05,12.64
2014-12-08,13.01
2014-12-09,13.04
2014-12-10,13.6
2014-12-11,13.74
2014-12-12,14
2014-12-15,13.98
2014-12-16,14.56
2014-12-17,15.07
2014-12-18,14.27
2014-12-19,12.87
2014-12-22,12.25
2014-12-23,11.9
2014-12-24,11.61
2014-12-25,11.23
2014-12-26,11.44
2014-12-27,11.26
2014-12-29,11.57
2014-12-30,12
2014-12-31,12.06
2015-01-05,12.59
2015-01-06,13.79
2015-01-07,14.08
2015-01-08,12.94
2015-01-09,13.15
2015-01-12,13.52
2015-01-13,13.43
2015-01-14,14.17
2015-01-15,13.77
2015-01-16,14.6
2015-01-19,15.05
2015-01-20,14.39
2015-01-21,14.17
2015-01-22,12.03
2015-01-23,11.25
2015-01-26,12.07
2015-01-27,11.65
2015-01-28,11.82
2015-01-29,12.41
2015-01-30,12.26
2015-02-02,12.68
2015-02-03,12.15
2015-02-04,11.72
2015-02-05,11.54
2015-02-06,11.74
2015-02-09,12.54
2015-02-10,12.79
2015-02-11,12.69
2015-02-12,12.97
2015-02-13,12.8
2015-02-24,12.67
2015-02-25,11.74
2015-02-26,11.36
2015-03-02,11.5
2015-03-03,11.1
2015-03-04,10.86
2015-03-05,10.58
2015-03-06,10.02
2015-03-09,10.47
2015-03-10,10.36
2015-03-11,10.49
2015-03-12,9.92
2015-03-13,9.76
2015-03-16,10.48
2015-03-17,10.64
2015-03-18,11.05
2015-03-19,10.24
2015-03-20,10.01
2015-03-23,10.1
2015-03-24,9.85
2015-03-25,9.69
2015-03-26,10
2015-03-27,10.47
2015-03-30,10.77
2015-03-31,10.74
2015-04-01,11.66
2015-04-02,10.51
2015-04-07,10.37
2015-04-08,10.41
2015-04-09,10.25
2015-04-10,10.36
2015-04-13,11.43
2015-04-14,11.52
2015-04-15,12.05
2015-04-16,10.31
2015-04-17,10.57
2015-04-20,11.33
2015-04-21,11.45
2015-04-22,11.49
2015-04-23,13.08
2015-04-24,14.6
2015-04-27,16.23
2015-04-28,15.58
2015-04-29,14.28
2015-04-30,14.25
2015-05-04,14.17
2015-05-05,13.67
2015-05-06,13.73
2015-05-07,13.83
2015-05-08,13.64
2015-05-11,13.98
2015-05-12,14.37
2015-05-13,13.85
2015-05-14,14.31
2015-05-15,14.43
2015-05-18,14.43
2015-05-19,14.71
2015-05-20,14.31
2015-05-21,14.26
2015-05-22,13.04
2015-05-25,13.15
2015-05-26,13.33
2015-05-27,13.74
2015-05-28,13.43
2015-05-29,13.88
2015-06-01,14.16
2015-06-02,13.95
2015-06-03,13.73
2015-06-04,14.65
2015-06-05,13.91
2015-06-08,13.47
2015-06-09,14.21
2015-06-10,14.14
2015-06-11,13.97
2015-06-12,13.87
2015-06-15,14.57
2015-06-16,14.55
2015-06-17,15.04
2015-06-18,14.39
2015-06-22,13.92
2015-06-23,12.82
2015-06-24,12.78
2015-06-25,12.84
2015-06-26,13.22
2015-06-29,15.53
2015-06-30,14.78
2015-07-01,14.61
2015-07-02,14.47
2015-07-03,14.48
2015-07-06,15.42
2015-07-07,14.66
2015-07-08,17.07
2015-07-09,17.68
2015-07-13,16.59
2015-07-14,15.88
2015-07-15,15.54
2015-07-16,14.42
2015-07-17,14.49
2015-07-20,15.15
2015-07-21,14.57
2015-07-22,15.08
2015-07-23,14.72
2015-07-24,14.65
2015-07-27,15.89
2015-07-28,15.62
2015-07-29,15.94
2015-07-30,14.92
2015-07-31,15.05
2015-08-03,16.21
2015-08-04,16.46
2015-08-05,16.43
2015-08-06,16.36
2015-08-07,16.39
2015-08-10,16.22
2015-08-11,16.99
2015-08-12,17.69
2015-08-13,17.56
2015-08-14,16.79
2015-08-17,16.86
2015-08-18,17.28
2015-08-19,18.21
2015-08-20,18.79
2015-08-21,22.15
2015-08-24,38.22
2015-08-25,32.52
2015-08-26,30.39
2015-08-27,27.42
2015-08-28,26.63
2015-08-31,27.53
2015-09-01,30.19
2015-09-02,29.45
2015-09-03,27.28
2015-09-04,28.82
2015-09-07,27.43
2015-09-08,25.22
2015-09-09,22.05
2015-09-10,23.57
2015-09-11,23.83
2015-09-14,24.69
2015-09-15,25.36
2015-09-16,24.19
2015-09-17,20.84
2015-09-18,18.08
2015-09-21,20.9
2015-09-22,19.26
2015-09-23,22.17
2015-09-24,22.52
2015-09-25,22
2015-09-30,23.12
2015-10-01,20.58
2015-10-02,20.58
2015-10-05,19.11
2015-10-06,18.77
2015-10-07,17.77
2015-10-08,18.08
2015-10-12,17.77
2015-10-13,17.43
2015-10-14,17.5
2015-10-15,17.64
2015-10-16,17.54
2015-10-19,18.2
2015-10-20,17.77
2015-10-21,17.58
2015-10-22,16.68
2015-10-23,15.14
2015-10-26,14.58
2015-10-27,14.54
2015-10-28,15.29
2015-10-29,15.71
2015-10-30,15.12
2015-11-02,16.01
2015-11-03,14.47
2015-11-04,16.16
2015-11-05,16.86
2015-11-06,18.49
2015-11-09,19.3
2015-11-10,20.69
2015-11-11,23.63
2015-11-12,20.81
2015-11-13,22.27
2015-11-16,22.07
2015-11-17,21.22
2015-11-18,20.96
2015-11-19,18.53
2015-11-20,18.18
2015-11-23,18.1
2015-11-24,18.79
2015-11-25,18.83
2015-11-26,18.02
2015-11-27,19.55
2015-11-30,21.94
2015-12-01,20.16
2015-12-02,20.2
2015-12-03,20.32
2015-12-04,20.23
2015-12-07,19.31
2015-12-08,20.5
2015-12-09,20.75
2015-12-10,21.32
2015-12-11,22.69
2015-12-14,22.8
2015-12-15,22.47
2015-12-16,21.49
2015-12-17,19.79
2015-12-18,20.08
2015-12-21,20.02
2015-12-22,19.94
2015-12-23,19.02
2015-12-24,19.01
2015-12-25,18.55
2015-12-28,19.47
2015-12-29,20.02
2015-12-30,20.38
2015-12-31,20.84
2016-01-04,23.46
2016-01-05,23.52
2016-01-06,22.2
2016-01-07,23.26
2016-01-08,22.89
2016-01-11,25
2016-01-12,24.43
2016-01-13,23.54
2016-01-14,23.94
2016-01-15,23.45
2016-01-18,22.37
2016-01-19,21.31
2016-01-20,25.92
2016-01-21,24.92
2016-01-22,21.63
2016-01-25,19.6
2016-01-26,19.77
2016-01-27,18.61
2016-01-28,18.49
2016-01-29,17.68
2016-01-30,17.15
2016-02-01,17.91
2016-02-02,18.43
2016-02-03,20.02
2016-02-15,20.53
2016-02-16,18.85
2016-02-17,19
2016-02-18,18.89
2016-02-19,17.64
2016-02-22,17.42
2016-02-23,16.83
2016-02-24,17.88
2016-02-25,17.54
2016-02-26,17.13
2016-03-01,17.22
2016-03-02,16.47
2016-03-03,16.19
2016-03-04,15.67
2016-03-07,16.4
2016-03-08,16.39
2016-03-09,16.1
2016-03-10,15.6
2016-03-11,14.61
2016-03-14,16.06
2016-03-15,16.75
2016-03-16,16.49
2016-03-17,14.49
2016-03-18,14.23
2016-03-21,14.68
2016-03-22,14.36
2016-03-23,14.62
2016-03-24,14.78
2016-03-25,15.05
2016-03-28,15.8
2016-03-29,15.92
2016-03-30,15.68
2016-03-31,16.03
2016-04-01,16.12
2016-04-06,18.42
2016-04-07,17.56
2016-04-08,17.19
2016-04-11,17.36
2016-04-12,17.33
2016-04-13,16.22
2016-04-14,16.32
2016-04-15,15.83
2016-04-18,18.21
2016-04-19,18.35
2016-04-20,19
2016-04-21,16.09
2016-04-22,16
2016-04-25,16.05
2016-04-26,15.58
2016-04-27,15.61
2016-04-28,16.28
2016-04-29,16.56
2016-05-03,16.45
2016-05-04,16.85
2016-05-05,16.58
2016-05-06,17.19
2016-05-09,17.2
2016-05-10,16.48
2016-05-11,16.85
2016-05-12,17.28
2016-05-13,18.07
2016-05-16,17.93
2016-05-17,17.48
2016-05-18,17.71
2016-05-19,19.1
2016-05-20,17.83
2016-05-23,16.49
2016-05-24,16.09
2016-05-25,15.15
2016-05-26,15.08
2016-05-27,14.66
2016-05-30,15.24
2016-05-31,15.28
2016-06-01,15.16
2016-06-02,15.49
2016-06-03,15.52
2016-06-04,15.15
2016-06-06,15.65
2016-06-07,14.94
2016-06-08,15.02
2016-06-13,18.63
2016-06-14,18.04
2016-06-15,17.77
2016-06-16,19.47
2016-06-17,17.82
2016-06-20,17.9
2016-06-21,16.98
2016-06-22,17.97
2016-06-23,18.68
2016-06-24,23.23
2016-06-27,20.66
2016-06-28,18.84
2016-06-29,17.46
2016-06-30,16.61
2016-07-01,15.38
2016-07-04,15.81
2016-07-05,15.78
2016-07-06,17.02
2016-07-07,16.17
2016-07-11,15.86
2016-07-12,15.78
2016-07-13,16.04
2016-07-14,15.89
2016-07-15,15.34
2016-07-18,16.21
2016-07-19,16.29
2016-07-20,16.52
2016-07-21,16.27
2016-07-22,16.51
2016-07-25,16.58
2016-07-26,16.36
2016-07-27,16.64
2016-07-28,16.93
2016-07-29,16.83
2016-08-01,16.44
2016-08-02,16.51
2016-08-03,16.81
2016-08-04,16.22
2016-08-05,15.81
2016-08-08,15.47
2016-08-09,14.92
2016-08-10,14.44
2016-08-11,14.63
2016-08-12,14.15
2016-08-15,14.37
2016-08-16,14.35
2016-08-17,14.19
2016-08-18,13.22
2016-08-19,13.86
2016-08-22,13.6
2016-08-23,13.09
2016-08-24,13.41
2016-08-25,13.27
2016-08-26,13.34
2016-08-29,13.76
2016-08-30,13.85
2016-08-31,14.31
2016-09-01,14.37
2016-09-02,14.59
2016-09-05,13.88
2016-09-06,13.69
2016-09-07,13.51
2016-09-08,13.38
2016-09-09,13.57
2016-09-10,16.41
2016-09-12,18.14
2016-09-13,17.11
2016-09-14,17.22
2016-09-19,15.97
2016-09-20,15.75
2016-09-21,15.78
2016-09-22,14.09
2016-09-23,13.64
2016-09-26,14.75
2016-09-29,14.57
2016-09-30,15.78
2016-10-03,16.12
2016-10-04,15.79
2016-10-05,16.19
2016-10-06,15.96
2016-10-07,15.82
2016-10-11,16.2
2016-10-12,15.26
2016-10-13,15.72
2016-10-14,15.95
2016-10-17,16.45
2016-10-18,15.95
2016-10-19,15.31
2016-10-20,14.3
2016-10-21,14.16
2016-10-24,14.16
2016-10-25,13.49
2016-10-26,13.39
2016-10-27,13.58
2016-10-28,13.9
2016-10-31,14.62
2016-11-01,15.26
2016-11-02,17.15
2016-11-03,17.86
2016-11-04,18.58
2016-11-07,17.96
2016-11-08,17.36
2016-11-09,21.21
2016-11-10,14.71
2016-11-11,18.04
2016-11-14,16.64
2016-11-15,17.12
2016-11-16,15.64
2016-11-17,15.74
2016-11-18,15.07
2016-11-21,14.93
2016-11-22,13.88
2016-11-23,13.22
2016-11-24,13.38
2016-11-25,13.22
2016-11-28,13.37
2016-11-29,13.59
2016-11-30,13.37
2016-12-01,13.04
2016-12-02,14.31
2016-12-05,14.38
2016-12-06,12.95
2016-12-07,12.81
2016-12-08,12.88
2016-12-09,13.01
2016-12-12,13.69
2016-12-13,13.54
2016-12-14,13.61
2016-12-15,12.98
2016-12-16,12.91
2016-12-19,12.97
2016-12-20,12.61
2016-12-21,12.34
2016-12-22,12.63
2016-12-23,12.77
2016-12-26,12.79
2016-12-27,12.62
2016-12-28,12.01
2016-12-29,12.33
2016-12-30,12.25
2017-01-03,12.29
2017-01-04,12.04
2017-01-05,11.28
2017-01-06,11.17
2017-01-09,11.53
2017-01-10,11.38
2017-01-11,11.46
2017-01-12,11.45
2017-01-13,11.54
2017-01-16,13.65
2017-01-17,13.84
2017-01-18,13.81
2017-01-19,12.69
2017-01-20,12.77
2017-01-23,12.44
2017-01-24,11.96
2017-02-02,13.78
2017-02-03,15.79
2017-02-06,12.97
2017-02-07,12.54
2017-02-08,12.26
2017-02-09,11.43
2017-02-10,11.54
2017-02-13,12.2
2017-02-14,12.41
2017-02-15,12.45
2017-02-16,12.66
2017-02-17,12.34
2017-02-18,12.03
2017-02-20,12.04
2017-02-21,11.83
2017-02-22,11.89
2017-02-23,11.68
2017-02-24,11.9
2017-03-01,12.55
2017-03-02,12.36
2017-03-03,12.2
2017-03-06,12.01
2017-03-07,11.68
2017-03-08,10.91
2017-03-09,11.38
2017-03-10,10.98
2017-03-13,12.57
2017-03-14,11.96
2017-03-15,11.81
2017-03-16,10.32
2017-03-17,9.97
2017-03-20,10.53
2017-03-21,10.31
2017-03-22,10.86
2017-03-23,10.79
2017-03-24,11.07
2017-03-27,11.67
2017-03-28,11.59
2017-03-29,11.53
2017-03-30,12.05
2017-03-31,11.48
2017-04-05,11.63
2017-04-06,12.47
2017-04-07,12.37
2017-04-10,12.34
2017-04-11,13.64
2017-04-12,13.31
2017-04-13,12.67
2017-04-14,14.07
2017-04-17,13.33
2017-04-18,13.04
2017-04-19,13.22
2017-04-20,12.64
2017-04-21,12.03
2017-04-24,11.62
2017-04-25,11.12
2017-04-26,11.12
2017-04-27,10.83
2017-04-28,10.52
2017-05-02,10.76
2017-05-03,10.78
2017-05-04,10.92
2017-05-05,11.41
2017-05-08,10.88
2017-05-09,11.16
2017-05-10,11.1
2017-05-11,11.62
2017-05-12,10.71
2017-05-15,11.41
2017-05-16,11.2
2017-05-17,11.25
2017-05-18,10.69
2017-05-19,10.76
2017-05-22,10.51
2017-05-23,10.1
2017-05-24,9.62
2017-05-25,9.49
2017-05-26,9.69
2017-05-31,10.43
2017-06-01,10.2
2017-06-02,9.82
2017-06-03,10.12
2017-06-05,10.23
2017-06-06,10.13
2017-06-07,9.97
2017-06-08,10.21
2017-06-09,9.57
2017-06-12,10.5
2017-06-13,10.11
2017-06-14,10.83
2017-06-15,10.19
2017-06-16,9.64
2017-06-19,11.02
2017-06-20,9.86
2017-06-21,9.93
2017-06-22,10.02
2017-06-23,10.4
2017-06-26,12.17
2017-06-27,12.12
2017-06-28,12.52
2017-06-29,11.84
2017-06-30,12.33
2017-07-03,12.07
2017-07-04,12.1
2017-07-05,12.17
2017-07-06,12.23
2017-07-07,12.4
2017-07-10,12.31
2017-07-11,11.72
2017-07-12,11.8
2017-07-13,11.53
2017-07-14,11.19
2017-07-17,12.09
2017-07-18,12.1
2017-07-19,11.26
2017-07-20,10.48
2017-07-21,10.54
2017-07-24,10.58
2017-07-25,10.7
2017-07-26,10.2
2017-07-27,9.92
2017-07-28,10.5
2017-07-31,10.9
2017-08-01,10.26
2017-08-02,14.83
2017-08-03,10.96
2017-08-04,11.4
2017-08-07,11.33
2017-08-08,11.41
2017-08-09,12.15
2017-08-10,13.23
2017-08-11,14.38
2017-08-14,13.87
2017-08-15,13.05
2017-08-16,12.77
2017-08-17,11.98
2017-08-18,12.67
2017-08-21,13.03
2017-08-22,12.08
2017-08-23,11.75
2017-08-24,11.35
2017-08-25,11.29
2017-08-28,12.02
2017-08-29,12.66
2017-08-30,12.36
2017-08-31,12.6
2017-09-01,12.25
2017-09-04,13.28
2017-09-05,13.71
2017-09-06,14.05
2017-09-07,13.87
2017-09-08,13.8
2017-09-11,13.48
2017-09-12,12.49
2017-09-13,12.15
2017-09-14,11.62
2017-09-15,11.25
2017-09-18,12.29
2017-09-19,12.72
2017-09-20,12.49
2017-09-21,10.8
2017-09-22,11.74
2017-09-25,12.77
2017-09-26,12.85
2017-09-27,12.14
2017-09-28,11.86
2017-09-29,11.28
2017-09-30,10.51
2017-10-02,10.52
2017-10-03,10.29
2017-10-05,10.37
2017-10-06,10.36
2017-10-11,10.75
2017-10-12,10.38
2017-10-13,9.92
2017-10-16,11.47
2017-10-17,11.79
2017-10-18,11.77
2017-10-19,10.72
2017-10-20,11.12
2017-10-23,11.66
2017-10-24,11.16
2017-10-25,11.87
2017-10-26,11.85
2017-10-27,12.14
2017-10-30,12.09
2017-10-31,11.85
2017-11-01,11.64
2017-11-02,11.85
2017-11-03,11.82
2017-11-06,11.74
2017-11-07,11.13
2017-11-08,10.91
2017-11-09,10.82
2017-11-10,10.17
2017-11-13,10.39
2017-11-14,10.49
2017-11-15,10.95
2017-11-16,10.2
2017-11-17,9.44
2017-11-20,9.83
2017-11-21,9.17
2017-11-22,9.49
2017-11-23,8.97
2017-11-24,9.12
2017-11-27,9.72
2017-11-28,9.86
2017-11-29,10.16
2017-11-30,11.46
2017-12-01,11.18
2017-12-04,11.45
2017-12-05,11.88
2017-12-06,14.89
2017-12-07,13.83
2017-12-08,12.34
2017-12-11,11.67
2017-12-12,11.69
2017-12-13,11.61
2017-12-14,10.86
2017-12-15,10.94
2017-12-18,11.53
2017-12-19,11.8
2017-12-20,11.23
2017-12-21,10.4
2017-12-22,9.99
2017-12-25,10.01
2017-12-26,10.88
2017-12-27,10.18
2017-12-28,10.1
2017-12-29,9.93
2018-01-02,10.42
2018-01-03,10.24
2018-01-04,9.88
2018-01-05,9.62
2018-01-08,10.52
2018-01-09,9.81
2018-01-10,10.25
2018-01-11,9.7
2018-01-12,8.96
2018-01-15,7.82
2018-01-16,8.82
2018-01-17,8.96
2018-01-18,9.66
2018-01-19,9.89
2018-01-22,10.86
2018-01-23,11.18
2018-01-24,10.97
2018-01-25,11.38
2018-01-26,11.38
2018-01-29,11.73
2018-01-30,12.44
2018-01-31,12.58
2018-02-01,13
2018-02-02,12.32
2018-02-05,14.2
2018-02-06,30.07
2018-02-07,23.17
2018-02-08,21.82
2018-02-09,26.76
2018-02-12,24.01
2018-02-21,20.35
2018-02-22,20.83
2018-02-23,18.49
2018-02-26,18.08
2018-02-27,18.05
2018-03-01,19.75
2018-03-02,20.88
2018-03-05,21.06
2018-03-06,18.01
2018-03-07,19.72
2018-03-08,17.94
2018-03-09,17.27
2018-03-12,16.5
2018-03-13,15.64
2018-03-14,16.56
2018-03-15,16.39
2018-03-16,16.41
2018-03-19,16.86
2018-03-20,17.77
2018-03-21,17.23
2018-03-22,16.13
2018-03-23,20.98
2018-03-26,19.08
2018-03-27,17.22
2018-03-28,19.86
2018-03-29,19.61
2018-03-30,17.82
2018-03-31,17.67
2018-04-02,18.62
2018-04-03,19.11
2018-04-09,17.97
2018-04-10,17.13
2018-04-11,16.27
2018-04-12,16.53
2018-04-13,15.91
2018-04-16,16.7
2018-04-17,16.71
2018-04-18,15.88
2018-04-19,13.83
2018-04-20,14.87
2018-04-23,16.95
2018-04-24,15.55
2018-04-25,16.15
2018-04-26,16.46
2018-04-27,15.44
2018-04-30,14.66
2018-05-02,14.81
2018-05-03,15.78
2018-05-04,15.13
2018-05-07,14.64
2018-05-08,14.06
2018-05-09,13.65
2018-05-10,13.03
2018-05-11,12.89
2018-05-14,12.81
2018-05-15,12.94
2018-05-16,13.03
2018-05-17,13.23
2018-05-18,13.29
2018-05-21,13.09
2018-05-22,12.91
2018-05-23,13.55
2018-05-24,13.27
2018-05-25,13.05
2018-05-28,13.09
2018-05-29,13.28
2018-05-30,15
2018-05-31,14
2018-06-01,14.13
2018-06-04,13.83
2018-06-05,14.02
2018-06-06,13.56
2018-06-07,13.2
2018-06-08,13.81
2018-06-11,14.45
2018-06-12,14.42
2018-06-13,14.01
2018-06-14,14.21
2018-06-15,14.13
2018-06-19,16.54
2018-06-20,16.28
2018-06-21,15.02
2018-06-22,15.55
2018-06-25,16.59
2018-06-26,16.23
2018-06-27,15.84
2018-06-28,16.79
2018-06-29,15.82
2018-07-02,17.16
2018-07-03,17.31
2018-07-04,17.26
2018-07-05,17.83
2018-07-06,16.87
2018-07-09,15.18
2018-07-10,14.52
2018-07-11,15.69
2018-07-12,14.04
2018-07-13,13.31
2018-07-16,13.93
2018-07-17,13.86
2018-07-18,14.25
2018-07-19,14.19
2018-07-20,13.83
2018-07-23,14.49
2018-07-24,14.17
2018-07-25,14.28
2018-07-26,13.29
2018-07-27,12.9
2018-07-30,13.7
2018-07-31,13.43
2018-08-01,12.83
2018-08-02,14.38
2018-08-03,13.33
2018-08-06,13.23
2018-08-07,12.89
2018-08-08,12.36
2018-08-09,12.55
2018-08-10,13.06
2018-08-13,15.51
2018-08-14,14.44
2018-08-15,16
2018-08-16,16.56
2018-08-17,15.6
2018-08-20,14.95
2018-08-21,13.88
2018-08-22,13.73
2018-08-23,12.75
2018-08-24,13.16
2018-08-27,12.97
2018-08-28,12.31
2018-08-29,12.56
2018-08-30,12.55
2018-08-31,13.23
2018-09-03,14.09
2018-09-04,13.25
2018-09-05,13.84
2018-09-06,14.5
2018-09-07,14.67
2018-09-10,15.32
2018-09-11,15.01
2018-09-12,14.89
2018-09-13,14.17
2018-09-14,12.83
2018-09-17,13.74
2018-09-18,13.98
2018-09-19,13.23
2018-09-20,13.09
2018-09-21,12.85
2018-09-25,13.14
2018-09-26,13.33
2018-09-27,12.82
2018-09-28,13.04
2018-10-01,13.38
2018-10-02,13.92
2018-10-03,13.62
2018-10-04,15.08
2018-10-05,17.11
2018-10-08,18.28
2018-10-09,18.04
2018-10-11,25.87
2018-10-12,22.06
2018-10-15,23.96
2018-10-16,22.31
2018-10-17,21.04
2018-10-18,22.46
2018-10-19,22.09
2018-10-22,22.75
2018-10-23,24.41
2018-10-24,23.06
2018-10-25,24.65
2018-10-26,25.61
2018-10-29,25.09
2018-10-30,24.39
2018-10-31,23.05
2018-11-01,22.59
2018-11-02,22.47
2018-11-05,23.65
2018-11-06,24.19
2018-11-07,21.91
2018-11-08,19.39
2018-11-09,20.7
2018-11-12,20.45
2018-11-13,21.16
2018-11-14,20.4
2018-11-15,20.45
2018-11-16,20.88
2018-11-19,20.61
2018-11-20,21.66
2018-11-21,20.79
2018-11-22,19.85
2018-11-23,21.05
2018-11-26,19.69
2018-11-27,18.97
2018-11-28,18.66
2018-11-29,19.17
2018-11-30,19.72
2018-12-03,17.34
2018-12-04,17.43
2018-12-05,19.1
2018-12-06,21.92
2018-12-07,21.53
2018-12-10,22.74
2018-12-11,21.62
2018-12-12,19.72
2018-12-13,19.46
2018-12-14,20.15
2018-12-17,20
2018-12-18,20.47
2018-12-19,19.7
2018-12-20,20.82
2018-12-21,20.13
2018-12-22,21.07
2018-12-24,20.49
2018-12-25,21.83
2018-12-26,22.91
2018-12-27,20.38
2018-12-28,20.37
2019-01-02,21.4
2019-01-03,21.03
2019-01-04,20.45
2019-01-07,18.46
2019-01-08,17.94
2019-01-09,16.74
2019-01-10,16.69
2019-01-11,16.6
2019-01-14,16.79
2019-01-15,15.91
2019-01-16,15.98
2019-01-17,15.8
2019-01-18,14.9
2019-01-21,15.46
2019-01-22,15.68
2019-01-23,15.05
2019-01-24,14.47
2019-01-25,13.99
2019-01-28,14.64
2019-01-29,15.24
2019-01-30,15.76
2019-02-11,14.75
2019-02-12,14.13
2019-02-13,14.45
2019-02-14,14.24
2019-02-15,15.3
2019-02-18,14.95
2019-02-19,14.84
2019-02-20,13.96
2019-02-21,13.27
2019-02-22,13.05
2019-02-25,12.71
2019-02-26,13.29
2019-02-27,12.77
2019-03-04,13.51
2019-03-05,13.77
2019-03-06,13.39
2019-03-07,14.16
2019-03-08,14.21
2019-03-11,14.13
2019-03-12,12.71
2019-03-13,12.78
2019-03-14,12.86
2019-03-15,11.66
2019-03-18,12.54
2019-03-19,12.46
2019-03-20,12.75
2019-03-21,12.41
2019-03-22,11.99
2019-03-25,14.27
2019-03-26,13.42
2019-03-27,13.35
2019-03-28,13.6
2019-03-29,13.39
2019-04-01,13.64
2019-04-02,13.32
2019-04-03,13.06
2019-04-08,13.75
2019-04-09,13.13
2019-04-10,13.12
2019-04-11,13.43
2019-04-12,13.13
2019-04-15,12.88
2019-04-16,12.66
2019-04-17,12.96
2019-04-18,13.67
2019-04-19,12.91
2019-04-22,13.49
2019-04-23,13.09
2019-04-24,13.3
2019-04-25,13.03
2019-04-26,13.57
2019-04-29,14.4
2019-04-30,13.75
2019-05-02,13.03
2019-05-03,12.41
2019-05-06,16.45
2019-05-07,15.8
2019-05-08,16.28
2019-05-09,18.33
2019-05-10,18.6
2019-05-13,19.48
2019-05-14,18.44
2019-05-15,16.05
2019-05-16,16.31
2019-05-17,16.65
2019-05-20,16.03
2019-05-21,15.22
2019-05-22,14.76
2019-05-23,16.32
2019-05-24,16.21
2019-05-27,16.12
2019-05-28,16.02
2019-05-29,16.11
2019-05-30,15.69
2019-05-31,16.01
2019-06-03,16.41
2019-06-04,16.41
2019-06-05,15.93
2019-06-06,15.58
2019-06-10,14.67
2019-06-11,14.19
2019-06-12,14.14
2019-06-13,14.45
2019-06-14,14.52
2019-06-17,14.47
2019-06-18,14.08
2019-06-19,13.87
2019-06-20,13.44
2019-06-21,14.38
2019-06-24,14.46
2019-06-25,14.66
2019-06-26,15.06
2019-06-27,14.62
2019-06-28,14.88
2019-07-01,13.34
2019-07-02,13.05
2019-07-03,13.63
2019-07-04,12.86
2019-07-05,12.76
2019-07-08,13.35
2019-07-09,12.83
2019-07-10,12.17
2019-07-11,12.14
2019-07-12,12.01
2019-07-15,11.73
2019-07-16,11.76
2019-07-17,12.32
2019-07-18,12.33
2019-07-19,11.58
2019-07-22,12.26
2019-07-23,12.06
2019-07-24,12.17
2019-07-25,12.2
2019-07-26,12.62
2019-07-29,13.41
2019-07-30,13.49
2019-07-31,13.52
2019-08-01,13.71
2019-08-02,16.18
2019-08-05,18.15
2019-08-06,18.17
2019-08-07,17.59
2019-08-08,16.28
2019-08-12,15.75
2019-08-13,16.57
2019-08-14,15.99
2019-08-15,17.55
2019-08-16,16.99
2019-08-19,16.04
2019-08-20,15.01
2019-08-21,14.99
2019-08-22,15.01
2019-08-23,14.42
2019-08-26,17.92
2019-08-27,16.32
2019-08-28,16.01
2019-08-29,15.63
2019-08-30,14.41
2019-09-02,13.78
2019-09-03,14.5
2019-09-04,13.52
2019-09-05,13.65
2019-09-06,13.24
2019-09-09,13.25
2019-09-10,13.45
2019-09-11,13.38
2019-09-12,13.35
2019-09-16,13.88
2019-09-17,13.61
2019-09-18,13.64
2019-09-19,13.7
2019-09-20,13.7
2019-09-23,14.74
2019-09-24,14.65
2019-09-25,14.61
2019-09-26,14.55
2019-09-27,14.5
2019-10-01,13.62
2019-10-02,14.69
2019-10-03,15.54
2019-10-04,14.46
2019-10-07,14.43
2019-10-08,14.07
2019-10-09,15.15
2019-10-14,13.27
2019-10-15,12.7
2019-10-16,12.92
2019-10-17,12.54
2019-10-18,12.49
2019-10-21,13.02
2019-10-22,12.06
2019-10-23,12.16
2019-10-24,11.56
2019-10-25,11.84
2019-10-28,11.99
2019-10-29,12.14
2019-10-30,12.19
2019-10-31,12.25
2019-11-01,11.93
2019-11-04,13.05
2019-11-05,14.1
2019-11-06,14.35
2019-11-07,13.3
2019-11-08,13.36
2019-11-11,14.49
2019-11-12,13.68
2019-11-13,14.07
2019-11-14,13.82
2019-11-15,13.15
2019-11-18,13.57
2019-11-19,13.56
2019-11-20,13.69
2019-11-21,14.28
2019-11-22,13.46
2019-11-25,13.93
2019-11-26,13.42
2019-11-27,13.22
2019-11-28,13.4
2019-11-29,14.84
2019-12-02,14.44
2019-12-03,14.08
2019-12-04,14.32
2019-12-05,13.49
2019-12-06,13.03
2019-12-09,13.57
2019-12-10,14.11
2019-12-11,13.43
2019-12-12,13.9
2019-12-13,14.35
2019-12-16,14.21
2019-12-17,14.22
2019-12-18,14.6
2019-12-19,14.51
2019-12-20,14.19
2019-12-23,14.47
2019-12-24,14.41
2019-12-25,14.14
2019-12-26,14.25
2019-12-27,14.04
2019-12-30,14.43
2019-12-31,14.71
2020-01-02,14.32
2020-01-03,14.81
2020-01-06,15.04
2020-01-07,14.34
2020-01-08,15.24
2020-01-09,13.02
2020-01-10,12.98
2020-01-13,11.26
2020-01-14,11.64
2020-01-15,11.86
2020-01-16,11.94
2020-01-17,11.92
2020-01-20,12.57
2020-01-30,19.81
2020-01-31,19.15
2020-02-03,20.26
2020-02-04,18.76
2020-02-05,18.65
2020-02-06,17.96
2020-02-07,18.78
2020-02-10,19.33
2020-02-11,17.53
2020-02-12,16.43
2020-02-13,16.52
2020-02-14,15.75
2020-02-17,16.2
2020-02-18,17.14
2020-02-19,15.85
2020-02-20,15.7
2020-02-21,16.72
2020-02-24,18.43
2020-02-25,18.52
2020-02-26,20
2020-02-27,22.92
2020-03-02,25.25
2020-03-03,22.91
2020-03-04,22.55
2020-03-05,19.37
2020-03-06,22.93
2020-03-09,28.36
2020-03-10,26.75
2020-03-11,29.49
2020-03-12,33.27
2020-03-13,39.76
2020-03-16,44.65
2020-03-17,48.54
2020-03-18,47.85
2020-03-19,51.14
2020-03-20,51.66
2020-03-23,53.84
2020-03-24,44.78
2020-03-25,42.43
2020-03-26,44
2020-03-27,45.12
2020-03-30,44.59
2020-03-31,44.65
2020-04-01,42.41
2020-04-06,35.81
2020-04-07,33.25
2020-04-08,33.73
2020-04-09,32.91
2020-04-10,30.9
2020-04-13,32.54
2020-04-14,29.38
2020-04-15,26.84
2020-04-16,28.22
2020-04-17,27.04
2020-04-20,28.65
2020-04-21,33.96
2020-04-22,33.46
2020-04-23,31.45
2020-04-24,30.97
2020-04-27,28.77
2020-04-28,27.9
2020-04-29,27.32
2020-04-30,29.06
2020-05-04,34.29
2020-05-05,32.53
2020-05-06,31.74
2020-05-07,29.62
2020-05-08,28.33
2020-05-11,27.88
2020-05-12,27.4
2020-05-13,27
2020-05-14,29.75
2020-05-15,28.9
2020-05-18,29.65
2020-05-19,26.95
2020-05-20,24.99
2020-05-21,22.44
2020-05-22,26.78
2020-05-25,25.01
2020-05-26,23.78
2020-05-27,23.79
2020-05-28,24.7
2020-05-29,24.01
2020-06-01,23.46
2020-06-02,22.7
2020-06-03,22.4
2020-06-04,21.55
2020-06-05,20.46
2020-06-08,20.46
2020-06-09,20.5
2020-06-10,20.63
2020-06-11,23.03
2020-06-12,26.06
2020-06-15,29.37
2020-06-16,24.82
2020-06-17,24.03
2020-06-18,23.16
2020-06-19,22.69
2020-06-22,22.91
2020-06-23,22.71
2020-06-24,22.32
2020-06-29,24.82
2020-06-30,22.3
2020-07-01,21.69
2020-07-02,20.3
2020-07-03,20.42
2020-07-06,22.11
2020-07-07,21.8
2020-07-08,21.66
2020-07-09,21.41
2020-07-10,23.25
2020-07-13,20.6
2020-07-14,21.19
2020-07-15,21.88
2020-07-16,20.4
2020-07-17,20.16
2020-07-20,20.36
2020-07-21,20.47
2020-07-22,20.51
2020-07-23,21.48
2020-07-24,24.95
2020-07-27,24.83
2020-07-28,27.82
2020-07-29,27.51
2020-07-30,26.3
2020-07-31,26.2
2020-08-03,27.21
2020-08-04,24.5
2020-08-05,23.96
2020-08-06,25.11
2020-08-07,24.25
2020-08-10,24.43
2020-08-11,24.16
2020-08-12,23.25
2020-08-13,22.2
2020-08-14,22.23
2020-08-17,21.47
2020-08-18,21.88
2020-08-19,21.87
2020-08-20,28.05
2020-08-21,24.38
2020-08-24,23.62
2020-08-25,23.27
2020-08-26,22.6
2020-08-27,22.91
2020-08-28,23.66
2020-08-31,24.42
2020-09-01,22.97
2020-09-02,22.21
2020-09-03,21.95
2020-09-04,23.73
2020-09-07,23.93
2020-09-08,22.61
2020-09-09,22.37
2020-09-10,20.81
2020-09-11,20.9
2020-09-14,18.06
2020-09-15,17.27
2020-09-16,18.29
2020-09-17,18.6
2020-09-18,18.27
2020-09-21,20.69
2020-09-22,22.01
2020-09-23,20.71
2020-09-24,23.02
2020-09-25,22.5
2020-09-28,21.85
2020-09-29,21.52
2020-09-30,21.7
2020-10-05,23.27
2020-10-06,21.19
2020-10-07,20.83
2020-10-08,20.63
2020-10-12,21.51
2020-10-13,21.77
2020-10-14,21.96
2020-10-15,22.25
2020-10-16,22.11
2020-10-19,21.31
2020-10-20,22.26
2020-10-21,22.02
2020-10-22,22.04
2020-10-23,21.96
2020-10-26,22.49
2020-10-27,23.27
2020-10-28,23.43
2020-10-29,24.94
2020-10-30,27.35
2020-11-02,27.32
2020-11-03,26.11
2020-11-04,23.77
2020-11-05,21.76
2020-11-06,21.76
2020-11-09,20.58
2020-11-10,20.44
2020-11-11,20.51
2020-11-12,19.28
2020-11-13,18.8
2020-11-16,19.31
2020-11-17,19.86
2020-11-18,20.61
2020-11-19,19.47
2020-11-20,19.13
2020-11-23,19.81
2020-11-24,19.56
2020-11-25,19.23
2020-11-26,17.42
2020-11-27,17.61
2020-11-30,18.57
2020-12-01,18.57
2020-12-02,18.87
2020-12-03,17.67
2020-12-04,18.03
2020-12-07,19.1
2020-12-08,18.53
2020-12-09,18.11
2020-12-10,18.4
2020-12-11,17.85
2020-12-14,18.64
2020-12-15,18.15
2020-12-16,17.43
2020-12-17,17.09
2020-12-18,17.09
2020-12-21,17.85
2020-12-22,20.55
2020-12-23,18.78
2020-12-24,17.86
2020-12-25,17.22
2020-12-28,18.3
2020-12-29,18.03
2020-12-30,18.39
2020-12-31,18.19
2021-01-04,18.93
2021-01-05,18.86
2021-01-06,20.71
2021-01-07,20.96
2021-01-08,22.52
2021-01-11,23.76
2021-01-12,23.89
2021-01-13,23.58
2021-01-14,22.94
2021-01-15,23.24
2021-01-18,23.19
2021-01-19,23.38
2021-01-20,22.86
2021-01-21,24.9
2021-01-22,23.96
2021-01-25,25.81
2021-01-26,25.21
2021-01-27,24.38
2021-01-28,26.48
2021-01-29,27.63
2021-02-01,26.96
2021-02-02,26.3
2021-02-03,24.89
2021-02-04,23.84
2021-02-05,22.59
2021-02-17,22.69
2021-02-18,22.46
2021-02-19,22.92
2021-02-22,23.76
2021-02-23,23.65
2021-02-24,24.6
2021-02-25,23.33
2021-02-26,26.26
2021-03-02,26.64
2021-03-03,23.71
2021-03-04,25.38
2021-03-05,25.48
2021-03-08,24.9
2021-03-09,24.93
2021-03-10,23.17
2021-03-11,21.61
2021-03-12,20.38
2021-03-15,20.64
2021-03-16,19.16
2021-03-17,18.46
2021-03-18,16.74
2021-03-19,18.05
2021-03-22,17.76
2021-03-23,17.7
2021-03-24,18.57
2021-03-25,18.06
2021-03-26,17.31
2021-03-29,18.67
2021-03-30,17.92
2021-03-31,17.63
2021-04-01,17.1
2021-04-06,17.24
2021-04-07,16.94
2021-04-08,16.38
2021-04-09,16.89
2021-04-12,17.32
2021-04-13,17.78
2021-04-14,17.96
2021-04-15,18.34
2021-04-16,18.25
2021-04-19,18.97
2021-04-20,18.71
2021-04-21,18.75
2021-04-22,19.34
2021-04-23,18.59
2021-04-26,19.45
2021-04-27,19.79
2021-04-28,19.98
2021-04-29,18.76
2021-05-03,21.42
2021-05-04,23.34
2021-05-05,24.94
2021-05-06,21.55
2021-05-07,20.23
2021-05-10,19.64
2021-05-11,26.59
2021-05-12,38.94
2021-05-13,34.02
2021-05-14,32.45
2021-05-17,38.67
2021-05-18,32.29
2021-05-19,30.97
2021-05-20,29.63
2021-05-21,28.04
2021-05-24,27.93
2021-05-25,25.85
2021-05-26,24.12
2021-05-27,24.2
2021-05-28,23.17
2021-05-31,23.88
2021-06-01,22.03
2021-06-02,22.36
2021-06-03,21.41
2021-06-04,22.41
2021-06-07,23.29
2021-06-08,22.69
2021-06-09,21.82
2021-06-10,19.45
2021-06-11,17.73
2021-06-15,16.64
2021-06-16,18.05
2021-06-17,17.1
2021-06-18,17.27
2021-06-21,21.22
2021-06-22,19.9
2021-06-23,19.31
2021-06-24,18.14
2021-06-25,18.82
2021-06-28,19.37
2021-06-29,20.1
2021-06-30,19.67
2021-07-01,19.82
2021-07-02,19.14
2021-07-05,19.14
2021-07-06,18.94
2021-07-07,19.98
2021-07-08,19.84
2021-07-09,20.41
2021-07-12,19.71
2021-07-13,19.64
2021-07-14,19.47
2021-07-15,18.85
2021-07-16,18.54
2021-07-19,20.81
2021-07-20,23.24
2021-07-21,22.53
2021-07-22,20.54
2021-07-23,19.9
2021-07-26,21.81
2021-07-27,21.9
2021-07-28,24.21
2021-07-29,20.94
2021-07-30,22.02
2021-08-02,20.6
2021-08-03,20.59
2021-08-04,20.42
2021-08-05,19.38
2021-08-06,20.01
2021-08-09,21.31
2021-08-10,21.1
2021-08-11,20.92
2021-08-12,19.28
2021-08-13,20.46
2021-08-16,21.13
2021-08-17,23.46
2021-08-18,20.62
2021-08-19,24.18
2021-08-20,26.52
2021-08-23,22.44
2021-08-24,20.78
2021-08-25,20.64
2021-08-26,20.38
2021-08-27,19.93
2021-08-30,19.46
2021-08-31,19.16
2021-09-01,19.18
2021-09-02,19
2021-09-03,19.09
2021-09-06,18.89
2021-09-07,19.03
2021-09-08,19.38
2021-09-09,19.55
2021-09-10,18.31
2021-09-13,16.88
2021-09-14,17.09
2021-09-15,17.56
2021-09-16,17.31
2021-09-17,17.14
2021-09-22,21.71
2021-09-23,19.91
2021-09-24,19.19
2021-09-27,19.77
2021-09-28,20.58
2021-09-29,23.01
2021-09-30,22.3
2021-10-01,24.54
2021-10-04,25.4
2021-10-05,24.91
2021-10-06,25.44
2021-10-07,23.57
2021-10-08,24.36
2021-10-12,25.24
2021-10-13,24.13
2021-10-14,22.32
2021-10-15,20.17
2021-10-18,20.45
2021-10-19,19.56
2021-10-20,19.37
2021-10-21,18.88
2021-10-22,19.17
2021-10-25,19.72
2021-10-26,18.84
2021-10-27,18.51
2021-10-28,17.83
2021-10-29,18.98
2021-11-01,19.22
2021-11-02,19.84
2021-11-03,19.04
2021-11-04,18.18
2021-11-05,17.87
2021-11-08,16.99
2021-11-09,17.68
2021-11-10,17.13
2021-11-11,17.12
2021-11-12,16.35
2021-11-15,16.51
2021-11-16,15.88
2021-11-17,15.65
2021-11-18,15.03
2021-11-19,15.36
2021-11-22,16.3
2021-11-23,16.78
2021-11-24,16.39
2021-11-25,16.14
2021-11-26,19.26
2021-11-29,20.51
2021-11-30,19.77
2021-12-01,19.17
2021-12-02,19.78
2021-12-03,19.04
2021-12-06,20.05
2021-12-07,18.2
2021-12-08,17.33
2021-12-09,15.98
2021-12-10,16.35
2021-12-13,15.51
2021-12-14,16.37
2021-12-15,16.57
2021-12-16,14.65
2021-12-17,15.45
2021-12-20,17.87
2021-12-21,16.1
2021-12-22,15.8
2021-12-23,15.06
2021-12-24,14.83
2021-12-27,15.35
2021-12-28,14.85
2021-12-29,14.78
2021-12-30,14.47
2022-01-03,15.17
2022-01-04,15.32
2022-01-05,15.4
2022-01-06,16.27
2022-01-07,17.69
2022-01-10,16.5
2022-01-11,16.9
2022-01-12,16.17
2022-01-13,15.94
2022-01-14,16.96
2022-01-17,16.91
2022-01-18,17.97
2022-01-19,19.26
2022-01-20,17.98
2022-01-21,19.73
2022-01-24,19.97
2022-01-25,23.82
2022-01-26,24.01
2022-02-07,20.25
2022-02-08,19.31
2022-02-09,17.15
2022-02-10,16.09
2022-02-11,17.49
2022-02-14,20.77
2022-02-15,21.32
2022-02-16,18.4
2022-02-17,19.11
2022-02-18,19.31
2022-02-21,20.03
2022-02-22,22.25
2022-02-23,20.07
2022-02-24,24.58
2022-02-25,22.66
2022-03-01,21.52
2022-03-02,21.79
2022-03-03,20.72
2022-03-04,23.04
2022-03-07,26.54
2022-03-08,27.48
2022-03-09,24.31
2022-03-10,22.75
2022-03-11,23.64
2022-03-14,23.82
2022-03-15,25.17
2022-03-16,24.06
2022-03-17,20.58
2022-03-18,20.38
2022-03-21,19.53
2022-03-22,18.34
2022-03-23,16.69
2022-03-24,17.09
2022-03-25,17.29
2022-03-28,18.48
2022-03-29,17.25
2022-03-30,16.73
2022-03-31,17.3
2022-04-01,17.69
2022-04-06,17.77
2022-04-07,20.54
2022-04-08,19.02
2022-04-11,20.47
2022-04-12,20.9
2022-04-13,19.11
2022-04-14,18.35
2022-04-15,20
2022-04-18,20.89
2022-04-19,19.16
2022-04-20,18.59
2022-04-21,17.35
2022-04-22,17.71
2022-04-25,21.45
2022-04-26,20.36
2022-04-27,21.74
2022-04-28,21.55
2022-04-29,20.68
2022-05-03,21.95
2022-05-04,21.5
2022-05-05,19.51
2022-05-06,21.97
2022-05-09,24.01
2022-05-10,23.48
2022-05-11,23.19
2022-05-12,24.55
2022-05-13,21.64
2022-05-16,22.21
2022-05-17,20.01
2022-05-18,19.62
2022-05-19,21.24
2022-05-20,20.24
2022-05-23,21.42
2022-05-24,21.62
2022-05-25,20.46
2022-05-26,20.93
2022-05-27,19.72
2022-05-30,18.7
2022-05-31,18.32
2022-06-01,18.85
2022-06-02,18.69
2022-06-06,18.27
2022-06-07,18.57
2022-06-08,17.88
2022-06-09,17.55
2022-06-10,17.87
2022-06-13,21.05
2022-06-14,21.39
2022-06-15,21.67
2022-06-16,21.01
2022-06-17,22.69
2022-06-20,22.73
2022-06-21,20.82
2022-06-22,22.28
2022-06-23,23.03
2022-06-24,22.44
2022-06-27,22.08
2022-06-28,21.82
2022-06-29,22.18
2022-06-30,24.37
2022-07-01,27.01
2022-07-04,27.56
2022-07-05,27.18
2022-07-06,29.4
2022-07-07,28.26
2022-07-08,27.33
2022-07-11,26.95
2022-07-12,28.14
2022-07-13,27.6
2022-07-14,25.9
2022-07-15,25.02
2022-07-18,24.07
2022-07-19,23.54
2022-07-20,22.99
2022-07-21,21.11
2022-07-22,21.26
2022-07-25,21.66
2022-07-26,21.6
2022-07-27,21.56
2022-07-28,20.87
2022-07-29,19.9
2022-08-01,21.53
2022-08-02,26.1
2022-08-03,24.45
2022-08-04,24.05
2022-08-05,21.85
2022-08-08,21.37
2022-08-09,19.88
2022-08-10,20.07
2022-08-11,17.72
2022-08-12,16.86
2022-08-15,16.29
2022-08-16,16.42
2022-08-17,16.58
2022-08-18,16.58
2022-08-19,16.33
2022-08-22,17.87
2022-08-23,18.42
2022-08-24,18.4
2022-08-25,17.51
2022-08-26,17.52
2022-08-29,20.91
2022-08-30,19.67
2022-08-31,19.84
2022-09-01,21.85
2022-09-02,21.77
2022-09-05,21.92
2022-09-06,21.69
2022-09-07,22.49
2022-09-08,20.39
2022-09-12,20.84
2022-09-13,21.01
2022-09-14,21.82
2022-09-15,21.03
2022-09-16,21.11
2022-09-19,21.33
2022-09-20,20.58
2022-09-21,21.42
2022-09-22,20.99
2022-09-23,20.37
2022-09-26,23.33
2022-09-27,23.02
2022-09-28,24.74
2022-09-29,24.57
2022-09-30,25.08
2022-10-03,25.76
2022-10-04,24.41
2022-10-05,23.99
2022-10-06,23.69
2022-10-07,24.74
2022-10-11,27.38
2022-10-12,27.18
2022-10-13,27.83
2022-10-14,26.07
2022-10-17,27.07
2022-10-18,25.9
2022-10-19,25.71
2022-10-20,25.5
2022-10-21,25.83
2022-10-24,27.19
2022-10-25,27.62
2022-10-26,26.35
2022-10-27,24.78
2022-10-28,25.41
2022-10-31,24.88
2022-11-01,24.06
2022-11-02,23.96
2022-11-03,22.65
2022-11-04,21.93
2022-11-07,21.32
2022-11-08,20.08
2022-11-09,20.31
2022-11-10,20.7
2022-11-11,20.61
2022-11-14,21.82
2022-11-15,24.53
2022-11-16,24.23
2022-11-17,21.87
2022-11-18,21.61
2022-11-21,21.03
2022-11-22,19.75
2022-11-23,19.9
2022-11-24,18.9
2022-11-25,19.43
2022-11-28,20.92
2022-11-29,20.87
2022-11-30,20.26
2022-12-01,20.75
2022-12-02,20.33
2022-12-05,21.16
2022-12-06,22.18
2022-12-07,22.58
2022-12-08,21.72
2022-12-09,20.19
2022-12-12,21.07
2022-12-13,23.03
2022-12-14,20.07
2022-12-15,17.94
2022-12-16,18.46
2022-12-19,17.11
2022-12-20,19.19
2022-12-21,16.91
2022-12-22,15.88
2022-12-23,16.06
2022-12-26,15.65
2022-12-27,15.77
2022-12-28,17.02
2022-12-29,17.13
2022-12-30,16.42
2023-01-03,17.4
2023-01-04,17.45
2023-01-05,16.8
2023-01-06,16.66
2023-01-09,18.1
2023-01-10,17.71
2023-01-11,17.42
2023-01-12,17.81
2023-01-13,16.79
2023-01-16,17.1
2023-01-17,17.15
2023-01-30,18.92
2023-01-31,18.46
2023-02-01,18.37
2023-02-02,17.85
2023-02-03,18.2
2023-02-06,18.03
2023-02-07,17.59
2023-02-08,17.23
2023-02-09,16.76
2023-02-10,17.38
2023-02-13,18.69
2023-02-14,18.4
2023-02-15,17.65
2023-02-16,16.34
2023-02-17,16.49
2023-02-20,16.09
2023-02-21,15.61
2023-02-22,16.8
2023-02-23,16.55
2023-02-24,17.4
2023-03-01,16.87
2023-03-02,16.89
2023-03-03,16.59
2023-03-06,16.37
2023-03-07,16.1
2023-03-08,16.09
2023-03-09,15.89
2023-03-10,17.87
2023-03-13,18.46
2023-03-14,20.8
2023-03-15,18.4
2023-03-16,19.08
2023-03-17,17.51
2023-03-20,18.46
2023-03-21,17.8
2023-03-22,16.84
2023-03-23,16.58
2023-03-24,16.51
2023-03-27,17.12
2023-03-28,17.1
2023-03-29,16.64
2023-03-30,16.45
2023-03-31,16.95
2023-04-06,16.94
2023-04-07,16.17
2023-04-10,16.26
2023-04-11,16.37
2023-04-12,15.72
2023-04-13,15.93
2023-04-14,15.07
2023-04-17,15.06
2023-04-18,14.87
2023-04-19,15.36
2023-04-20,15.49
2023-04-21,15.14
2023-04-24,15.36
2023-04-25,16.1
2023-04-26,15.94
2023-04-27,15.72
2023-04-28,15.23
2023-05-02,14.95
2023-05-03,16.01
2023-05-04,15.21
2023-05-05,15.04
2023-05-08,14.02
2023-05-09,13.5
2023-05-10,13.62
2023-05-11,13.39
2023-05-12,13.04
2023-05-15,13.06
2023-05-16,12.65
2023-05-17,14.09
2023-05-18,14.65
2023-05-19,14.72
2023-05-22,14.91
2023-05-23,14.32
2023-05-24,13.81
2023-05-25,15.26
2023-05-26,15.93
2023-05-29,15.74
2023-05-30,15.39
2023-05-31,16.38
2023-06-01,15.59
2023-06-02,15.62
2023-06-05,15.92
2023-06-06,15.44
2023-06-07,14.99
2023-06-08,15.42
2023-06-09,15.23
2023-06-12,15.28
2023-06-13,16.02
2023-06-14,16.66
2023-06-15,15.81
2023-06-16,15.99
2023-06-19,15.84
2023-06-20,15.93
2023-06-21,16.01
2023-06-26,15.64
2023-06-27,15.44
2023-06-28,15.26
2023-06-29,15.59
2023-06-30,14.21
2023-07-03,15.15
2023-07-04,14.68
2023-07-05,14.42
2023-07-06,15.56
2023-07-07,16.38
2023-07-10,16.88
2023-07-11,15.36
2023-07-12,15.96
2023-07-13,16.3
2023-07-14,15.45
2023-07-17,15.69
2023-07-18,16.3
2023-07-19,16.49
2023-07-20,15.93
2023-07-21,15.5
2023-07-24,15.74
2023-07-25,15.37
2023-07-26,15.6
2023-07-27,15.68
2023-07-28,15.15
2023-07-31,16.31
2023-08-01,15.96
2023-08-02,16.74
2023-08-04,15.5
2023-08-07,15.18
2023-08-08,16.31
2023-08-09,16.14
2023-08-10,16.79
2023-08-11,16.39
2023-08-14,17.6
2023-08-15,16.25
2023-08-16,16.48
2023-08-17,15.99
2023-08-18,16.75
2023-08-21,16.34
2023-08-22,16.62
2023-08-23,16.03
2023-08-24,14.91
2023-08-25,16.4
2023-08-28,15.33
2023-08-29,14.86
2023-08-30,14.06
2023-08-31,14.08
2023-09-01,13.93
2023-09-04,13.71
2023-09-05,13.64
2023-09-06,13.76
2023-09-07,13.45
2023-09-08,13.79
2023-09-11,14.53
2023-09-12,13.91
2023-09-13,13.96
2023-09-14,13.71
2023-09-15,13.36
2023-09-18,14.06
2023-09-19,13.99
2023-09-20,13.99
2023-09-21,14.73
2023-09-22,14.55
2023-09-25,14.06
2023-09-26,13.92
2023-09-27,14.63
2023-09-28,14.51
2023-10-02,13.99
2023-10-03,14.97
2023-10-04,16.01
2023-10-05,14.86
2023-10-06,14.56
2023-10-11,14.39
2023-10-12,14.1
2023-10-13,14.63
2023-10-16,15.78
2023-10-17,15.42
2023-10-18,15.86
2023-10-19,16.03
2023-10-20,16.5
2023-10-23,17.14
2023-10-24,16.62
2023-10-25,16.39
2023-10-26,16.97
2023-10-27,16.36
2023-10-30,16.92
2023-10-31,17.07
2023-11-01,16.62
2023-11-02,15.15
2023-11-03,14.13
2023-11-06,14.21
2023-11-07,13.89
2023-11-08,14.17
2023-11-09,13.56
2023-11-10,13.61
2023-11-13,13.66
2023-11-14,13.76
2023-11-15,13.81
2023-11-16,13.4
2023-11-17,14.05
2023-11-20,14.24
2023-11-21,13.91
2023-11-22,13.25
2023-11-23,12.77
2023-11-24,12.89
2023-11-27,13.65
2023-11-28,13.59
2023-11-29,13.56
2023-11-30,13.08
2023-12-01,13.6
2023-12-04,13.37
2023-12-05,13.29
2023-12-06,13.11
2023-12-07,13.12
2023-12-08,13.25
2023-12-11,13.53
2023-12-12,13.55
2023-12-13,13.15
2023-12-14,12.86
2023-12-15,12.77
2023-12-18,12.97
2023-12-19,13.2
2023-12-20,12.97
2023-12-21,13.64
2023-12-22,13.76
2023-12-25,13.83
2023-12-26,13.58
2023-12-27,13.79
2023-12-28,13.63
2023-12-29,13.67
2024-01-02,14.36
2024-01-03,14.42
2024-01-04,14.28
2024-01-05,14.37
2024-01-08,14.13
2024-01-09,14.15
2024-01-10,14.66
2024-01-11,15.67
2024-01-12,16.69
2024-01-15,12.33
2024-01-16,12.56
2024-01-17,13.56
2024-01-18,13
2024-01-19,12.57
2024-01-22,13.4
2024-01-23,13.06
2024-01-24,13
2024-01-25,12.93
2024-01-26,13.2
2024-01-29,13.09
2024-01-30,13.18
2024-01-31,13.23
2024-02-01,13.21
2024-02-02,12.8
2024-02-05,13.56
2024-02-15,14.99
2024-02-16,14.41
2024-02-19,14.05
2024-02-20,14.41
2024-02-21,14.15
2024-02-22,13.41
2024-02-23,13.05
2024-02-26,13.17
2024-02-27,13.29
2024-02-29,13.42
2024-03-01,12.86
2024-03-04,13.8
2024-03-05,14.32
2024-03-06,14.35
2024-03-07,15.84
2024-03-08,17.21
2024-03-11,17.61
2024-03-12,15.96
2024-03-13,15.79
2024-03-14,15.2
2024-03-15,14.89
2024-03-18,14.99
2024-03-19,14.26
2024-03-20,14.02
2024-03-21,14.97
2024-03-22,13.79
2024-03-25,14.58
2024-03-26,14.94
2024-03-27,15
2024-03-28,13.93
2024-03-29,14.23
2024-04-01,14.67
2024-04-02,14.96
2024-04-03,15.2
2024-04-08,14.78
2024-04-09,15.9
2024-04-10,15.62
2024-04-11,15.25
2024-04-12,14.73
2024-04-15,15.75
2024-04-16,18.89
2024-04-17,18.03
2024-04-18,17.73
2024-04-19,20.63
2024-04-22,19.2
2024-04-23,17.47
2024-04-24,17.25
2024-04-25,18.38
2024-04-26,17.56
2024-04-29,18.44
2024-04-30,18.25
2024-05-02,17.94
2024-05-03,17.86
2024-05-06,17.71
2024-05-07,17.48
2024-05-08,16.94
2024-05-09,16.69
2024-05-10,16.62
2024-05-13,16.52
2024-05-14,16.18
2024-05-15,16.53
2024-05-16,16.85
2024-05-17,17.04
2024-05-20,17.43
2024-05-21,17.77
2024-05-22,17.83
2024-05-23,16.88
2024-05-24,16.95
2024-05-27,16.67
2024-05-28,16.49
2024-05-29,17.19
2024-05-30,17.87
2024-05-31,18.22
2024-06-03,17.56
2024-06-04,19.02
2024-06-05,18.22
2024-06-06,17.52
2024-06-07,16.96
2024-06-11,17.74
2024-06-12,17.76
2024-06-13,17.39
2024-06-14,17.65
2024-06-17,18.39
2024-06-18,19.25
2024-06-19,19.96
2024-06-20,18.82
2024-06-21,19.88
2024-06-24,21.35
2024-06-25,21.3
2024-06-26,21.31
2024-06-27,20.98
2024-06-28,20.2
2024-07-01,20.13
2024-07-02,19.97
2024-07-03,19.08
2024-07-04,18.95
2024-07-05,18.88
2024-07-08,19.6
2024-07-09,20.71
2024-07-10,21.08
2024-07-11,20.71
2024-07-12,20.95
2024-07-15,23.71
2024-07-16,22.51
2024-07-17,22.45
2024-07-18,23.33
2024-07-19,23.09
2024-07-22,23.71
2024-07-23,21.78
2024-07-26,24.88
2024-07-29,24.21
2024-07-30,24
2024-07-31,24.09
2024-08-01,23.62
2024-08-02,29.3
2024-08-05,48.05
2024-08-06,40.69
2024-08-07,35.58
2024-08-08,37.23
2024-08-09,34.29
2024-08-12,31.86
2024-08-13,30.61
2024-08-14,27.51
2024-08-15,26.56
2024-08-16,24.56
2024-08-19,25.14
2024-08-20,24.43
2024-08-21,25.36
2024-08-22,25.06
2024-08-23,24.73
2024-08-26,24.78
2024-08-27,24.03
2024-08-28,24.41
2024-08-29,23.1
2024-08-30,21.72
2024-09-02,21.18
2024-09-03,20.98
2024-09-04,29.76
2024-09-05,27.86
2024-09-06,27.89
2024-09-09,28.72
2024-09-10,28.16
2024-09-11,28.5
2024-09-12,25.38
2024-09-13,23.78
2024-09-16,23.73
2024-09-18,25.4
2024-09-19,22.64
2024-09-20,21.72
2024-09-23,21.43
2024-09-24,20.89
2024-09-25,21.8
2024-09-26,21.93
2024-09-27,22.96
2024-09-30,25.46
2024-10-01,25.05
2024-10-04,25.47
2024-10-07,24.96
2024-10-08,25.53
2024-10-09,25.07
2024-10-11,24.33
2024-10-14,24.22
2024-10-15,25.13
2024-10-16,26.14
2024-10-17,26.11
2024-10-18,24.91
2024-10-21,25.15
2024-10-22,24.68
2024-10-23,25.21
2024-10-24,25.34
2024-10-25,25.02
2024-10-28,26.07
2024-10-29,27.12
2024-10-30,27.84
2024-11-01,28.26
2024-11-04,28.1
2024-11-05,27.5
2024-11-06,24.94
2024-11-07,23.05
2024-11-08,21.91
2024-11-11,22.64
2024-11-12,24.81
2024-11-13,24.92
2024-11-14,24.8
2024-11-15,24.16
2024-11-18,25.86
2024-11-19,23.5
2024-11-20,23.77
2024-11-21,22.62
2024-11-22,21.07
2024-11-25,20.9
2024-11-26,21.53
2024-11-27,21.78
2024-11-28,21.58
2024-11-29,21.81
2024-12-02,21.58
2024-12-03,20.63
2024-12-04,20.09
2024-12-05,19.04
2024-12-06,19.14
2024-12-09,18.9
2024-12-10,18.64
2024-12-11,19.1
2024-12-12,18.06
2024-12-13,17.81
2024-12-16,18.66
2024-12-17,18.13
2024-12-18,17.4
2024-12-19,19.08
2024-12-20,19.48
2024-12-23,19.08
2024-12-24,18.53
2024-12-25,17.73
2024-12-26,17.39
2024-12-27,17
2024-12-30,17.98
2024-12-31,18.01
2025-01-02,18.33
2025-01-03,17.9
2025-01-06,18.16
2025-01-07,18.44
2025-01-08,19.28
2025-01-09,19.83
2025-01-10,20.18
2025-01-13,22.63
2025-01-14,22.21
2025-01-15,22.69
2025-01-16,21.1
2025-01-17,20.48
2025-01-20,20.42
2025-01-21,19.68
2025-01-22,20.48
2025-02-03,24.91
2025-02-04,22.69
2025-02-05,20.74
2025-02-06,19.69
2025-02-07,18.71
2025-02-10,19.52
2025-02-11,19.31
2025-02-12,19.32
2025-02-13,19.01
2025-02-14,19.83
2025-02-17,19.68
2025-02-18,19.25
2025-02-19,18.9
2025-02-20,18.38
2025-02-21,17.73
2025-02-24,18.84
2025-02-25,19.66
2025-02-26,19.85
2025-02-27,19.89
2025-03-03,20.86
2025-03-04,21.99
2025-03-05,21.15
2025-03-06,21.24
2025-03-07,22.56
2025-03-10,22.18
2025-03-11,23.8
2025-03-12,22.44
2025-03-13,23.09
2025-03-14,23.07
2025-03-17,22.06
2025-03-18,21.29
2025-03-19,21.48
2025-03-20,19.29
2025-03-21,19.57
2025-03-24,20.36
2025-03-25,19.28
2025-03-26,18.91
2025-03-27,20.07
2025-03-28,21.48
2025-03-31,25.94
2025-04-01,24.15
2025-04-02,24.8
2025-04-07,42.69
2025-04-08,41.78
2025-04-09,46.93
2025-04-10,40.3
2025-04-11,41.4
2025-04-14,42.28
2025-04-15,36.02
2025-04-16,36.56
2025-04-17,33.51
2025-04-18,29.62
2025-04-21,32.08
2025-04-22,32.81
2025-04-23,29.7
2025-04-24,30.48
2025-04-25,30.4
2025-04-28,30.45
2025-04-29,28.84
2025-04-30,28.56
2025-05-02,29.05
2025-05-05,31.48
2025-05-06,31.49
2025-05-07,32.45
2025-05-08,30.94
2025-05-09,28.14
2025-05-12,26.88
2025-05-13,26.04
2025-05-14,25.76
2025-05-15,24.75
2025-05-16,23.95
2025-05-19,26.53
2025-05-20,26.36
2025-05-21,25.26
2025-05-22,25.31
2025-05-23,24.85
2025-05-26,25.86
2025-05-27,26.35
2025-05-28,26.55
2025-05-29,26.84
2025-06-02,26.89
2025-06-03,26.07
2025-06-04,24.33
2025-06-05,22.47
2025-06-06,22.49
2025-06-09,22.23
2025-06-10,22.54
2025-06-11,22.52
2025-06-12,22.82
2025-06-13,25.41
2025-06-16,24.76
2025-06-17,24.96
2025-06-18,24.78
2025-06-19,26.01
2025-06-20,25.72
2025-06-23,26.22
2025-06-24,24.51
2025-06-25,23.61
2025-06-26,23.34
2025-06-27,23.75
2025-06-30,24.4
2025-07-01,24.29
2025-07-02,24.25
2025-07-03,24.03
2025-07-04,24.73
2025-07-07,25.11
2025-07-08,24.51
2025-07-09,22.88
2025-07-10,22.41
2025-07-11,21.8
2025-07-14,22.8
2025-07-15,22
2025-07-16,21.91
2025-07-17,21.05
2025-07-18,20.25
2025-07-21,20.95
2025-07-22,22.55
2025-07-23,22.15
2025-07-24,21.77
2025-07-25,22.57
2025-07-28,22.96
2025-07-29,24.2
2025-07-30,23.75
2025-07-31,23.5
2025-08-01,23.44
2025-08-04,23.87
2025-08-05,22.72
2025-08-06,22.49
2025-08-07,21.26
2025-08-08,20.62
2025-08-11,20.25
2025-08-12,19.79
2025-08-13,18.9
2025-08-14,20.13
2025-08-15,19.99
2025-08-18,19.95
2025-08-19,20.29
2025-08-20,23.85
2025-08-21,22.54
2025-08-22,24.08
2025-08-25,22.25
2025-08-26,21.93
2025-08-27,21.2
2025-08-28,20.71
2025-08-29,19.65
2025-09-01,21.24
2025-09-02,21.39
2025-09-03,21.32
2025-09-04,20.46
2025-09-05,18.96
2025-09-08,18.9
2025-09-09,18
2025-09-10,19.22
2025-09-11,20.66
2025-09-12,19.39
2025-09-15,20.41
2025-09-16,20.2
2025-09-17,22.09
2025-09-18,18.93
2025-09-19,19.81
2025-09-22,19.9
2025-09-23,20.01
2025-09-24,20.86
2025-09-25,20.68
2025-09-26,22.41
2025-09-30,21.93
2025-10-01,22.67
2025-10-02,22.69
2025-10-03,23.06
2025-10-07,23.7
2025-10-08,23.54
2025-10-09,22.98
2025-10-13,25.65
2025-10-14,27.24
2025-10-15,26.21
2025-10-16,27.33
2025-10-17,30.91
2025-10-20,26.52
2025-10-21,25.71
2025-10-22,25.46
2025-10-23,26.04
2025-10-27,24.96
2025-10-28,25.81
2025-10-29,25.36
2025-10-30,25.87
2025-10-31,25.3
2025-11-03,25.6
2025-11-04,26.15
2025-11-05,28.48
2025-11-06,26.71
2025-11-07,28.16
2025-11-10,25.46
2025-11-11,26.07
2025-11-12,25.26
2025-11-13,24.75
2025-11-14,26.74
2025-11-17,26.1
2025-11-18,29.04
2025-11-19,28.05
2025-11-20,24.42
2025-11-21,30.35
2025-11-24,28.38
2025-11-25,26.87
2025-11-26,24.71
2025-11-27,23.84
2025-11-28,23.93
2025-12-01,25.16
2025-12-02,24.28
2025-12-03,23.72
2025-12-04,22.39
2025-12-05,21.05
2025-12-08,20.25
2025-12-09,20.63
2025-12-10,20.15
2025-12-11,20.81
2025-12-12,19.66
2025-12-15,21.46
2025-12-16,21.38
2025-12-17,21.2
2025-12-18,21.9
2025-12-19,20.75
2025-12-22,18.5
2025-12-23,17.32
2025-12-24,16.98
2025-12-26,16.5
2025-12-29,17.42
2025-12-30,17.99
2025-12-31,18.25
2026-01-02,19.07
2026-01-05,21.83
2026-01-06,21.65
2026-01-07,21.83
2026-01-08,21.28
2026-01-09,21.52
2026-01-12,22.66
2026-01-13,23.21
2026-01-14,22.63
2026-01-15,22.67
2026-01-16,21.96
2026-01-19,22.32
2026-01-20,21.92
2026-01-21,22.97
2026-01-22,21.16
2026-01-23,20.57
2026-01-26,20.7
2026-01-27,21.77
2026-01-28,23.31
2026-01-29,23.87
2026-01-30,25.53
2026-02-02,28.35
2026-02-03,25.69
2026-02-04,27.45
2026-02-05,28.84
2026-02-06,30.06
2026-02-09,28.42
2026-02-10,27.79
2026-02-11,29.29
2026-02-23,27.38
2026-02-24,26.29
2026-02-25,29.09
2026-02-26,26.76
2026-03-02,30.38
2026-03-03,32.42
2026-03-04,39.17
2026-03-05,34.06
2026-03-06,34.04
2026-03-09,41.63
2026-03-10,36.95
2026-03-11,34.6
2026-03-12,36.82
2026-03-13,38.19
2026-03-16,37
2026-03-17,34.88
2026-03-18,31.81
2026-03-19,35.7
2026-03-20,34.83
2026-03-23,39.23
2026-03-24,38.46
2026-03-25,36.31
2026-03-26,36.81
2026-03-27,36.22
2026-03-30,37.55
2026-03-31,37
2026-04-01,34.85
2026-04-02,36.45
2026-04-07,33.62
2026-04-08,30.53
2026-04-09,29.35
2026-04-10,27.32
2026-04-13,29.43
2026-04-14,27.7
2026-04-15,28.14
2026-04-16,29.53
2026-04-17,28.55
2026-04-20,29.99
2026-04-21,30.49
2026-04-22,29.52
2026-04-23,32.81
2026-04-24,36.44
2026-04-27,36.46
2026-04-28,35.89
2026-04-29,32.55
2026-04-30,35.16
2026-05-04,35.59
2026-05-05,36.72
2026-05-06,38.31
2026-05-07,37.8
2026-05-08,37.55
2026-05-11,35.46
2026-05-12,37.58
2026-05-13,38.21
2026-05-14,39.33
2026-05-15,38.59
2026-05-18,39.07
2026-05-19,39.53
2026-05-20,36.91
2026-05-21,34.37
2026-05-22,33.09
2026-05-25,33.94
2026-05-26,32.9
2026-05-27,35.09
2026-05-28,36.29
2026-05-29,35.87
2026-06-01,36.54
2026-06-02,36.56
2026-06-03,34.95
2026-06-04,35.23
2026-06-05,36.28
2026-06-08,42.43
2026-06-09,38.66
2026-06-10,43.91
2026-06-11,43.58
